region,prefecture,commune,canton,etab_nom,categorie,statut_simplifie,lat,lon
Maritime,Golfe,Golfe 5,Aflao-Gakli,BTCI Amadahome,Banque,Inconnu,6.203541360604255,1.1654270638510162
Maritime,Bas-Mono,Bas-Mono 1,Afagnangan,FUCEC Togo Afagnan,Micro-Finance,Actif,6.4957666666666665,1.6271233333333333
Maritime,Zio,Zio 1,Abobo,Mutuelle Dignite Humaine,Mutuelle,Actif,6.266225,1.287165
Maritime,Zio,Zio 1,Abobo,Mutuelle Le Roc,Mutuelle,Actif,6.239534103539881,1.3728760724747089
Maritime,Golfe,Golfe 5,Aflao-Gakli,FUCEC-Togo,Micro-Finance,Actif,6.183478641263159,1.1690136321572586
Maritime,Agoè-Nyivé,Agoè-Nyivé 1,Agoè-Nyivé,CIF Assurance-vie,Assurance,Actif,6.206187504803494,1.1895305475058346
Maritime,Golfe,Golfe 6,Baguida,BTCI Baguida,Banque,Actif,6.167495664668762,1.3381952574322604
Maritime,Golfe,Golfe 5,Aflao-Gakli,Microfinance Millenium Totsi,Micro-Finance,Actif,6.197077790836492,1.1866806869108153
Maritime,Golfe,Golfe 5,Aflao-Gakli,BTCI Agbalepedogan,Banque,Inconnu,6.197624349044445,1.2007360347995677
Maritime,Zio,Zio 1,Djagblé,COOPAD Djagblé,Micro-Finance,Actif,6.254119620863774,1.282792090426032
Plateaux,Ogou,Ogou 1,Gnagna,SUNU Bank Yata,Banque,Inactif,7.519636195213213,1.1403786980788655
Maritime,Zio,Zio 1,Djagblé,Mutuelle Meci,Mutuelle,Actif,6.256053905261389,1.2835601090271076
Maritime,Golfe,Golfe 4,Amoutivé,Direction générale Siab Togo,Banque,Actif,6.123606099488691,1.22458742066699
Centrale,Blitta,Blitta 2,Agbandi,UCMECF To Point de Agbandji,Micro-Finance,Actif,8.227016666666666,1.1345633333333334
Centrale,Blitta,Blitta 1,Pagala-Gare,FUCEC Togo Agence Pagala,Micro-Finance,Actif,8.178073750269546,0.975405815075356
Maritime,Zio,Zio 1,Abobo,Mutuelle Le President Microfinance Sa,Mutuelle,Inconnu,6.270525,1.2919633333333334
Maritime,Agoè-Nyivé,Agoè-Nyivé 3,Vakpossito,FUCEC-togo Agence Vakpossito,Micro-Finance,Inconnu,6.218002102046497,1.1693257332827622
Maritime,Golfe,Golfe 5,Aflao-Gakli,UTB Agence Totsi,Banque,Actif,6.196495010626283,1.1875630239819002
Maritime,Zio,Zio 1,Djagblé,CECAV Gbama Kope,Micro-Finance,Actif,6.260861666666667,1.2635966666666665
Maritime,Golfe,Golfe 5,Aflao-Gakli,COOPEC Fidelite,Micro-Finance,Actif,6.175686110238065,1.1817190932930046
Maritime,Golfe,Golfe 5,Aflao-Gakli,Mutuelle ASJD Totsi,Mutuelle,Actif,6.1953512742015,1.1876890867899137
Maritime,Bas-Mono,Bas-Mono 1,Afagnan-Gbléta,CEC Tso Nakle,Mutuelle,Actif,6.494128333333333,1.6155766666666664
Maritime,Agoè-Nyivé,Agoè-Nyivé 1,Agoè-Nyivé,Fidelia Assurance Agbalepedogan,Assurance,Actif,6.201101666666667,1.1955433333333334
Maritime,Agoè-Nyivé,Agoè-Nyivé 3,Vakpossito,Fonds Communautaire Pour Le Developpement,Mutuelle,Actif,6.2190883839568425,1.1686083442527062
Maritime,Zio,Zio 1,Djagblé,COOPEC AD Djagblé,Micro-Finance,Actif,6.259451822949494,1.284241709987992
Centrale,Tchaoudjo,Tchaoudjo 1,Sokodè (Komah),COMEC Sokode,Micro-Finance,Actif,8.97086166666667,1.1351699999999996
Centrale,Tchaoudjo,Tchaoudjo 1,Sokodè (Komah),BTCI Sokode,Banque,Actif,8.988671205880385,1.138942413350057
Centrale,Mô,Mô 1,Djarkpanga,SPT Djarkpanga,Banque,Inactif,8.78293666666667,0.5640999999999995
Centrale,Mô,Mô 1,Djarkpanga,COOPEC Plaine de Mo,Micro-Finance,Actif,8.784271666666665,0.5628950000000001
Centrale,Mô,Mô 2,Tindjasse,Microfinance Amitie Entre les Peuples,Micro-Finance,Actif,8.65053963279447,0.4636942079689802
Maritime,Vo,Vo 4,Hahotoé,WAGES Hahotoe,Micro-Finance,Actif,6.3653716666666655,1.4174033333333325
Centrale,Tchaoudjo,Tchaoudjo 1,Sokodè (Komah),COOPEC Gaiete de Sokode,Micro-Finance,Actif,8.97894905470748,1.1374168660464508
Centrale,Tchaoudjo,Tchaoudjo 1,Sokodè (Komah),COOPEC AD de Sokode,Micro-Finance,Actif,8.988323631561128,1.1361540914462491
Centrale,Tchaoudjo,Tchaoudjo 1,Sokodè (Komah),ECOBANK Sokode,Banque,Actif,8.988453533954205,1.139305810376904
Centrale,Tchaoudjo,Tchaoudjo 1,Sokodè (Komah),Banque Atlantique Sokodé,Banque,Actif,8.987417421356668,1.1397067101565963
Centrale,Tchaoudjo,Tchaoudjo 1,Sokodè (Komah),BSIC Sokode,Banque,Actif,8.990393746191828,1.1380730622757838
Centrale,Tchaoudjo,Tchaoudjo 1,Sokodè (Komah),SPT Sokode,Banque,Actif,8.985052292635878,1.140378436146856
Centrale,Tchaoudjo,Tchaoudjo 1,Sokodè (Komah),ORABANK Sokode,Banque,Actif,8.988120159300394,1.135012120185726
Centrale,Tchaoudjo,Tchaoudjo 1,Sokodè (Komah),BOA Sokodé,Banque,Actif,8.9881736394278,1.139422366260735
Centrale,Tchaoudjo,Tchaoudjo 1,Sokodè (Komah),Mutuelle Tibi de Sokode,Micro-Finance,Actif,8.989627972962895,1.138538662480204
Maritime,Golfe,Golfe 1,Bè-Est,SUNU Bank Akodessewa,Banque,Actif,6.140851224019129,1.2409790321902656
Centrale,Tchaoudjo,Tchaoudjo 1,Sokodè (Komah),WAGES Sokode,Micro-Finance,Actif,8.987919380169773,1.1408407635574265
Centrale,Tchaoudjo,Tchaoudjo 1,Kpangalam,URCLEC Sokode,Micro-Finance,Actif,9.0090381,1.1356097
Centrale,Tchaoudjo,Tchaoudjo 1,Sokodè (Komah),CORIS Bank Sokode,Banque,Actif,8.98977666666667,1.1383449999999995
Centrale,Tchaoudjo,Tchaoudjo 1,Kpangalam,Direction URCLEC Sokode,Micro-Finance,Actif,9.02536056426368,1.1400340808462006
Centrale,Tchamba,Tchamba 1,Tchamba,FUCEC Togo Djayowoa,Micro-Finance,Actif,9.022271666666668,1.414178333333333
Centrale,Tchamba,Tchamba 1,Tchamba,UTB Tchamba,Banque,Actif,9.028351666666667,1.4158900000000003
Centrale,Tchamba,Tchamba 1,Tchamba,URCLEC Iyiwa,Micro-Finance,Actif,9.022533333333334,1.4149033333333332
Centrale,Tchamba,Tchamba 1,Tchamba,UCMECF-TO Tchamba,Micro-Finance,Actif,9.025471666666665,1.4225500000000004
Centrale,Tchamba,Tchamba 1,Tchamba,COOPEC ADESEM Forêt chance,Micro-Finance,Actif,9.026513333333334,1.42318
Centrale,Tchamba,Tchamba 3,Kaboli,COOPEC ADESEM Djama,Micro-Finance,Actif,8.751820000000002,1.5851316666666668
Centrale,Tchamba,Tchamba 3,Kaboli,FUCEC Togo Guimegue,Micro-Finance,Actif,8.74755833333334,1.5953733333333329
Centrale,Tchamba,Tchamba 3,Kaboli,URCLEC Adja,Micro-Finance,Actif,8.749235,1.5936216666666667
Centrale,Tchamba,Tchamba 3,Kaboli,WAGES Takete,Micro-Finance,Actif,8.74731333333333,1.5930166666666663
Centrale,Tchamba,Tchamba 2,Koussountou,FUCEC Togo Bassegue,Micro-Finance,Actif,8.832591666666668,1.5183449999999998
Centrale,Tchaoudjo,Tchaoudjo 1,Sokodè (Komah),CMECF Sokode,Micro-Finance,Actif,8.987489146711019,1.1372728118047162
Centrale,Tchaoudjo,Tchaoudjo 1,Sokodè (Komah),COOPEC ADESEM Sokodé,Micro-Finance,Actif,8.98726,1.1346216666666666
Maritime,Golfe,Golfe 4,Amoutivé,ORABANK Nyékonakpoè,Banque,Inactif,6.130093333333335,1.2137183333333337
Centrale,Tchaoudjo,Tchaoudjo 1,Sokodè (Komah),SUNU Bank Sokodé,Banque,Actif,8.973838333333331,1.1362916666666667
Centrale,Sotouboua,Sotouboua 1,Sotouboua,SUNU Bank Sotouboua,Banque,Actif,8.56456,0.978938333333334
Centrale,Sotouboua,Sotouboua 1,Sotouboua,UTB de Sotouboua,Banque,Actif,8.561324711379944,0.9762098228790848
Maritime,Golfe,Golfe 6,Baguida,COOPEC AD Avepozo,Micro-Finance,Actif,6.171477392594488,1.3508488315358569
Centrale,Sotouboua,Sotouboua 1,Sotouboua,ORABANK de Sotouboua,Banque,Actif,8.560778211422667,0.9751685688305068
Maritime,Golfe,Golfe 5,Aflao-Gakli,Banque Atlantique Adidoadin,Banque,Actif,6.199797610560822,1.1882127801715372
Maritime,Golfe,Golfe 7,Aflao-Sagbado,COOPEC AD Adidogome Madiba,Micro-Finance,Actif,6.200311666666667,1.148209999999999
Centrale,Sotouboua,Sotouboua 1,Sotouboua,WAGES M'heza de Sotouboua,Micro-Finance,Actif,8.565854999999999,0.9795333333333334
Centrale,Sotouboua,Sotouboua 1,Sotouboua,FUCEC Togo de Sotouboua,Micro-Finance,Actif,8.561128333333334,0.9839933333333336
Centrale,Sotouboua,Sotouboua 1,Sotouboua,URCLEC de Sotouboua,Micro-Finance,Actif,8.561717960817296,0.9833055591689458
Centrale,Sotouboua,Sotouboua 1,Sotouboua,Mutuelle Tibi de Sotouboua,Micro-Finance,Actif,8.561853333333337,0.9745066666666669
Centrale,Tchaoudjo,Tchaoudjo 1,Sokodè (Komah),UTB Sokodé,Banque,Actif,8.984248081094423,1.1397479376919393
Centrale,Sotouboua,Sotouboua 1,Sotouboua,CMECF Sotouboua,Micro-Finance,Actif,8.563263675313134,0.9812148591194516
Centrale,Sotouboua,Sotouboua 1,Sotouboua,CECO COOP de Sotouboua,Micro-Finance,Actif,8.555911666666669,0.9702683333333328
Centrale,Sotouboua,Sotouboua 2,Adjengré,FUCEC Togo Adjengre,Micro-Finance,Actif,8.66349,1.0179816666666672
Centrale,Sotouboua,Sotouboua 3,Tchébébé,CMECF-sotouboua,Micro-Finance,Actif,8.430226666666668,0.99136
Centrale,Sotouboua,Sotouboua 1,Sotouboua,Club Entraide Sans Frontière Microfinance,Micro-Finance,Actif,8.560861225625931,0.9762896155194898
Centrale,Sotouboua,Sotouboua 2,Adjengré,COOPEC ADESEM de ADjengre,Micro-Finance,Actif,8.669360000000003,1.020245
Centrale,Sotouboua,Sotouboua 2,Adjengré,Caisse Mutuelle d'épargne et de Crédit Pour Les Femmes du Togo de ADjengre,Micro-Finance,Actif,8.658409391833956,1.019698205082053
Centrale,Sotouboua,Sotouboua 3,Tchébébé,COOPEC ADESEM Agence de Tchébébé,Micro-Finance,Actif,8.433720540039227,0.9955423597603048
Centrale,Sotouboua,Sotouboua 3,Tchébébé,FUCEC Togo Enente de Tchebebe,Micro-Finance,Actif,8.434643333333332,0.991393333333333
Maritime,Agoè-Nyivé,Agoè-Nyivé 1,Agoè-Nyivé,Aliada Agoe,Micro-Finance,Actif,6.232668097886787,1.197142819167033
Centrale,Tchaoudjo,Tchaoudjo 1,Kpangalam,SPT Kpangalam,Banque,Actif,9.009539121285307,1.1361910039466734
Centrale,Blitta,Blitta 1,Blitta,URCLEC Lamakaza,Micro-Finance,Actif,8.32863333333333,0.98663
Centrale,Blitta,Blitta 1,Blitta,FUCEC Togo Blitta zongo,Micro-Finance,Actif,8.326518333333334,0.9776783333333332
Centrale,Blitta,Blitta 1,Pagala-Gare,SPT Pagala Gare,Banque,Actif,8.183901666623392,0.9649733333541228
Centrale,Blitta,Blitta 1,Blitta,UTB Lamakaza,Banque,Actif,8.33103333333333,0.986206666666666
Centrale,Blitta,Blitta 2,Agbandi,FUCEC Togo Bagbo,Micro-Finance,Actif,8.230938333333334,1.1335716666666664
Centrale,Blitta,Blitta 1,Pagala-Gare,Micro Finance URCLEC de Pagala Gare,Micro-Finance,Actif,8.1837,0.9652233333333337
Centrale,Blitta,Blitta 1,Pagala-Gare,UCMEF de Pagala Gare,Micro-Finance,Actif,8.180305000000002,0.9714516666666664
Centrale,Sotouboua,Sotouboua 1,Sotouboua,SPT Sotouboua,Banque,Actif,8.5643739673124,0.9775760085394088
Maritime,Golfe,Golfe 1,Bè-Est,BIA Togo de Be Apeyeyeme,Banque,Inactif,6.140953333333332,1.240335
Centrale,Sotouboua,Sotouboua 2,Adjengré,SPT ADjengre,Banque,Actif,8.659358968302604,1.0190543511292038
Centrale,Tchamba,Tchamba 1,Tchamba,Finance-centralespt-tchamba,Micro-Finance,Actif,9.020614999999998,1.41776
Centrale,Tchamba,Tchamba 3,Kaboli,Finance Centrale Spt-kaboli,Micro-Finance,Actif,8.748108333333333,1.5959683333333334
Centrale,Blitta,Blitta 1,Blitta,STP Blitta,Banque,Actif,8.32468879147974,0.978226117586294
Maritime,Agoè-Nyivé,Agoè-Nyivé 6,Adétikopé,FUCEC Togo Adétikopé,Micro-Finance,Inactif,6.320862661814265,1.2184175481834236
Maritime,Agoè-Nyivé,Agoè-Nyivé 6,Adétikopé,La Mutuelle Dignite Humaine,Micro-Finance,Actif,6.315060000000002,1.222168333333333
Maritime,Agoè-Nyivé,Agoè-Nyivé 6,Adétikopé,CECAV Fraternite Adeticope,Micro-Finance,Actif,6.318307536869714,1.2179356009455375
Maritime,Agoè-Nyivé,Agoè-Nyivé 6,Adétikopé,Mutuelle Akwaba Adetikope,Micro-Finance,Actif,6.320983333333334,1.2193
Maritime,Agoè-Nyivé,Agoè-Nyivé 1,Agoè-Nyivé,Mutuelle Digitale Humaine Agoè Assiyéué,Micro-Finance,Actif,6.233856666666666,1.1967199999999998
Maritime,Agoè-Nyivé,Agoè-Nyivé 1,Agoè-Nyivé,CEF-MF Legbassito,Micro-Finance,Actif,6.256730000000002,1.167679999999999
Maritime,Agoè-Nyivé,Agoè-Nyivé 1,Agoè-Nyivé,ORABANK Assiyeye,Banque,Actif,6.232927573115106,1.1972415814054411
Maritime,Agoè-Nyivé,Agoè-Nyivé 1,Agoè-Nyivé,WAGES Agoe,Micro-Finance,Actif,6.231383333333335,1.1987100000000002
Maritime,Golfe,Golfe 1,Bè-Est,SGT Lomé Port,Banque,Actif,6.143232572355724,1.27442064514978
Maritime,Agoè-Nyivé,Agoè-Nyivé 1,Agoè-Nyivé,COOPEC la Grâce Divine,Micro-Finance,Actif,6.2571894804405845,1.1756911188695065
Maritime,Agoè-Nyivé,Agoè-Nyivé 1,Agoè-Nyivé,CECAV Yayra Agoe,Micro-Finance,Actif,6.234360589748889,1.1958578884997515
Maritime,Agoè-Nyivé,Agoè-Nyivé 1,Agoè-Nyivé,URCLEC Agoè Assiyéyé,Micro-Finance,Actif,6.230906666666669,1.198771666666666
Maritime,Golfe,Golfe 6,Baguida,Banque Altantique Luxolin,Banque,Actif,6.161233870428658,1.3158102189914611
Maritime,Golfe,Golfe 4,Amoutivé,LMF le Pavillon,Micro-Finance,Inactif,6.137680684468465,1.22862364676609
Maritime,Golfe,Golfe 6,Baguida,WAGES Baguida,Micro-Finance,Actif,6.1662366666666655,1.3282733333333334
Maritime,Golfe,Golfe 5,Aflao-Gakli,CORIS Bank ADidogome Madiba,Banque,Actif,6.197987679351148,1.1513587700659638
Maritime,Golfe,Golfe 7,Aflao-Sagbado,Microfinance COECEB Adidogome Assiyeye,Micro-Finance,Actif,6.197518845535679,1.1460301112439952
Maritime,Golfe,Golfe 7,Aflao-Sagbado,Microfinance COOP ICEC,Micro-Finance,Inactif,6.198527684220908,1.1449674215718737
Maritime,Golfe,Golfe 6,Baguida,SPT Avepozo,Banque,Actif,6.169299674041963,1.3447015257107189
Maritime,Golfe,Golfe 7,Aflao-Sagbado,Microfinance Millenium Apedokoe,Micro-Finance,Actif,6.203886666666669,1.1439749999999995
Maritime,Golfe,Golfe 7,Aflao-Sagbado,Microfinance Echoppe Togo Wonye,Micro-Finance,Actif,6.191235000000001,1.1478466666666665
Maritime,Golfe,Golfe 4,Amoutivé,BOA Dekon,Banque,Inactif,6.136367321450171,1.2268605396590395
Maritime,Agoè-Nyivé,Agoè-Nyivé 1,Agoè-Nyivé,CORIS Bank ADIDO-ADIN,Banque,Inconnu,6.209047659605975,1.1894887451533154
Maritime,Golfe,Golfe 5,Aflao-Gakli,IB Bank Agbalépédogan,Banque,Actif,6.197587713632931,1.2008404516935074
Maritime,Golfe,Golfe 3,Bè-Ouest,NSIA Banque Agbalepedogan,Banque,Actif,6.188443499999999,1.2075839
Maritime,Golfe,Golfe 3,Bè-Ouest,GTA Assurance,Assurance,Actif,6.191123249293486,1.2091357482495653
Maritime,Golfe,Golfe 5,Aflao-Gakli,COECEPT Avédji,Micro-Finance,Actif,6.1931832,1.1726286999999995
Maritime,Golfe,Golfe 5,Aflao-Gakli,COOPEC AD Agbalépédogan,Micro-Finance,Actif,6.195376700000001,1.1926177999999996
Maritime,Golfe,Golfe 1,Bè-Est,BIA Togo Akodessewa,Banque,Actif,6.1554281268825015,1.2671495496505338
Maritime,Golfe,Golfe 6,Baguida,CECAV Fraternité,Micro-Finance,Actif,6.170911213820332,1.3490751938088497
Maritime,Golfe,Golfe 1,Bè-Est,COOPEC AD,Micro-Finance,Actif,6.165543333333335,1.2715866666666666
Maritime,Golfe,Golfe 1,Bè-Est,COCEC de Kanyikope,Micro-Finance,Actif,6.167922215436336,1.296562052580254
Maritime,Golfe,Golfe 2,Bè-Centre,MECI d'attiegou,Micro-Finance,Actif,6.187670142378855,1.2710487271684414
Maritime,Golfe,Golfe 1,Bè-Est,WAGES d'adakpame,Micro-Finance,Actif,6.170179306226796,1.289845023649574
Maritime,Agoè-Nyivé,Agoè-Nyivé 1,Agoè-Nyivé,Mutual Finance,Micro-Finance,Actif,6.211845685973874,1.1881831721361695
Maritime,Golfe,Golfe 5,Aflao-Gakli,WAGES Avedji,Micro-Finance,Actif,6.201059956400363,1.181036706545855
Maritime,Golfe,Golfe 3,Bè-Ouest,Prudential Beneficial Life Insurance,Assurance,Actif,6.192360974830099,1.208490520384514
Maritime,Golfe,Golfe 1,Bè-Est,SUNU Assurance Akodessewa,Assurance,Actif,6.140935731347781,1.2410017754128015
Maritime,Golfe,Golfe 1,Bè-Est,CORIS Bank d'Akodessewa,Banque,Actif,6.158920000000001,1.2842216666666664
Maritime,Golfe,Golfe 1,Bè-Est,CECAV Akodessewa,Micro-Finance,Actif,6.152386666666667,1.2673616666666667
Maritime,Golfe,Golfe 1,Bè-Est,ORABANK du Port,Banque,Actif,6.139035000000001,1.26661
Maritime,Golfe,Golfe 6,Baguida,COCEC Baguida,Micro-Finance,Actif,6.171486047129651,1.3136411638919152
Maritime,Golfe,Golfe 6,Baguida,COOPEC La Fructueuse Adamavo,Micro-Finance,Actif,6.169595,1.3065666666666669
Maritime,Golfe,Golfe 1,Bè-Est,Coda Zorobar,Micro-Finance,Actif,6.1644953000000005,1.2849031
Maritime,Golfe,Golfe 1,Bè-Est,COOPEC la Fructueuse,Micro-Finance,Actif,6.165166,1.2667802999999993
Maritime,Golfe,Golfe 1,Bè-Est,SPT Akodessewa,Banque,Actif,6.151555,1.267235
Maritime,Golfe,Golfe 1,Bè-Est,BSIC Lomé Port,Banque,Actif,6.143397599999999,1.2766162
Maritime,Golfe,Golfe 6,Baguida,COFEC Baguida,Micro-Finance,Actif,6.168959038121278,1.3326791532536422
Maritime,Golfe,Golfe 6,Baguida,ORABANK Baguida,Banque,Actif,6.164517051498921,1.3285360279046412
Maritime,Golfe,Golfe 6,Baguida,CORIS Bank Avepozo,Banque,Actif,6.168183989263163,1.3405748319468105
Maritime,Golfe,Golfe 4,Amoutivé,ECOBANK Assivito,Banque,Inactif,6.129216922087024,1.2215162673872737
Maritime,Golfe,Golfe 6,Baguida,COOPECfi Avepozo,Micro-Finance,Actif,6.167714252132774,1.337521852719781
Maritime,Agoè-Nyivé,Agoè-Nyivé 4,Togblekope,ORABANK Agence Terminal du Sahel,Banque,Inactif,6.268985,1.2100816666666665
Maritime,Golfe,Golfe 1,Bè-Est,ECOBANK Akodessewa,Banque,Actif,6.153124920152232,1.2657799927264453
Maritime,Golfe,Golfe 1,Bè-Est,ORABANK Port,Banque,Actif,6.143516666666668,1.2744033333333329
Maritime,Golfe,Golfe 1,Bè-Est,BOA Lomé Port,Banque,Actif,6.142972113871874,1.2745149007793797
Maritime,Golfe,Golfe 1,Bè-Est,ECOBANK Rond Point Port,Banque,Actif,6.142863032694351,1.2745258948325309
Maritime,Agoè-Nyivé,Agoè-Nyivé 1,Agoè-Nyivé,COOPECfI Assiyeye,Micro-Finance,Actif,6.225889556983486,1.1975528269774174
Maritime,Golfe,Golfe 7,Aflao-Sagbado,Microfinance FIDES -Togo Yokoe,Micro-Finance,Actif,6.180241237402258,1.1437457281785857
Maritime,Golfe,Golfe 1,Bè-Est,FUCEC Togo Bè,Micro-Finance,Actif,6.142240000000001,1.2426933333333334
Maritime,Golfe,Golfe 1,Bè-Est,GTA Assurance Akodésséwa,Assurance,Actif,6.1503916666666685,1.2715166666666669
Maritime,Golfe,Golfe 1,Bè-Est,UTB Lomé Port,Banque,Actif,6.143576541821805,1.2747953293072487
Maritime,Golfe,Golfe 1,Bè-Est,SPT Lomé Port,Banque,Actif,6.1441004973871145,1.275551656348921
Maritime,Golfe,Golfe 1,Bè-Est,COOPEC Maturite TP3,Micro-Finance,Actif,6.160222628839682,1.2886833598005274
Maritime,Golfe,Golfe 1,Bè-Est,BTCI Lomé Port,Banque,Actif,6.143110371857142,1.2757155916040237
Maritime,Agoè-Nyivé,Agoè-Nyivé 2,Légbassito,COOPEC AD Agence de Legbassito,Micro-Finance,Actif,6.268031666666668,1.1522400000000004
Maritime,Agoè-Nyivé,Agoè-Nyivé 2,Légbassito,WAGES Agence de Legbassito,Micro-Finance,Actif,6.266851666666668,1.1519700000000002
Maritime,Golfe,Golfe 3,Bè-Ouest,Banque Atlantique Agence Agbalepedogan,Banque,Inactif,6.19134802346902,1.2082627695815624
Maritime,Agoè-Nyivé,Agoè-Nyivé 2,Légbassito,FUCEC Togo Agence de Legbassito,Micro-Finance,Actif,6.267165,1.151315
Maritime,Agoè-Nyivé,Agoè-Nyivé 2,Légbassito,ASJD Agence de Zossime,Micro-Finance,Actif,6.233140131385709,1.1510696396471616
Maritime,Golfe,Golfe 6,Baguida,BOA Baguida,Banque,Actif,6.162544292554736,1.320587953967112
Maritime,Golfe,Golfe 6,Baguida,NSIA Baguida,Banque,Actif,6.166494457546458,1.334903160420629
Maritime,Golfe,Golfe 6,Baguida,BIA Togo Baguida,Banque,Actif,6.161217522821812,1.3156363022844992
Maritime,Golfe,Golfe 6,Baguida,FUCEC Togo Baguida,Micro-Finance,Actif,6.169838277997084,1.34466333419383
Maritime,Golfe,Golfe 6,Baguida,Sanlam Baguida,Assurance,Actif,6.168284999999999,1.3397850000000002
Maritime,Golfe,Golfe 2,Bè-Centre,SPT Aeroport International Gnassingbe Eyadema,Banque,Actif,6.174271400000001,1.2522538999999993
Maritime,Golfe,Golfe 2,Bè-Centre,ECOBANK Aerogare,Banque,Actif,6.174150719816597,1.252095291758954
Maritime,Golfe,Golfe 2,Bè-Centre,NSIA Banque Aeroport International Gnassingbe Eyadema,Banque,Inactif,6.170669881612013,1.2529785166790974
Maritime,Golfe,Golfe 2,Bè-Centre,ORABANK Aéroport,Banque,Actif,6.170732600000001,1.2531106999999997
Maritime,Golfe,Golfe 2,Bè-Centre,SPT de L 'aeroport International Gnassingbe Eyadema,Banque,Inactif,6.168221666666668,1.2515283333333331
Maritime,Golfe,Golfe 1,Bè-Est,FINAM,Micro-Finance,Inactif,6.143833248529891,1.2445354856688031
Maritime,Golfe,Golfe 3,Bè-Ouest,MECIT Agbalépédo,Micro-Finance,Actif,6.195708333333332,1.2084000000000004
Maritime,Golfe,Golfe 1,Bè-Est,Institution de Microfinance,Micro-Finance,Actif,6.154298333333332,1.2688716666666666
Maritime,Golfe,Golfe 1,Bè-Est,UTB Be Kpehenou,Banque,Actif,6.138376818007044,1.2367188400601268
Maritime,Golfe,Golfe 7,Aflao-Sagbado,Agence de Transfert Fintech Atilamonou,Micro-Finance,Actif,6.217434534859058,1.1282929798098644
Maritime,Golfe,Golfe 7,Aflao-Sagbado,Microfinance COECEB Segbe,Micro-Finance,Inactif,6.1945578812987305,1.112381983876608
Maritime,Golfe,Golfe 7,Aflao-Sagbado,Institution de Microfinance Coopad Segbe,Micro-Finance,Actif,6.199564999999999,1.1041383333333334
Maritime,Golfe,Golfe 5,Aflao-Gakli,BOA ADidogome,Banque,Actif,6.185986552617569,1.1651514078291656
Maritime,Golfe,Golfe 5,Aflao-Gakli,SUNU Assurances Avenou,Assurance,Actif,6.173848230337873,1.184621826748101
Maritime,Golfe,Golfe 3,Bè-Ouest,SPT de La Residence du Benin,Banque,Actif,6.173301606161072,1.2228534215735436
Maritime,Golfe,Golfe 4,Amoutivé,SUNU Assurances Vie,Assurance,Actif,6.125075568694468,1.209842554583579
Maritime,Golfe,Golfe 4,Amoutivé,La Protectrice S.A,Assurance,Actif,6.133603942926623,1.2276989005765566
Maritime,Golfe,Golfe 5,Aflao-Gakli,SGCAR Assurance,Assurance,Actif,6.188986091570224,1.2071527572647294
Maritime,Golfe,Golfe 5,Aflao-Gakli,COOPEC Grace plus Amadahomé,Micro-Finance,Actif,6.197206608017171,1.1522296177821123
Maritime,Golfe,Golfe 3,Bè-Ouest,Afrik Assurance,Assurance,Actif,6.1645650000000005,1.2214349999999998
Maritime,Golfe,Golfe 4,Amoutivé,Lorica Assurance,Assurance,Actif,6.162918333333333,1.2032099999999997
Maritime,Golfe,Golfe 4,Amoutivé,Careas Assurance,Assurance,Actif,6.129893333333335,1.2112683333333336
Maritime,Agoè-Nyivé,Agoè-Nyivé 1,Agoè-Nyivé,Prunelle Assurance,Assurance,Actif,6.20650397589629,1.1822295888588907
Maritime,Golfe,Golfe 5,Aflao-Gakli,Assur Invest,Assurance,Actif,6.204565000000001,1.158949999999999
Maritime,Golfe,Golfe 3,Bè-Ouest,SOCAR Togo,Assurance,Actif,6.1461533333333325,1.2048099999999995
Maritime,Agoè-Nyivé,Agoè-Nyivé 1,Agoè-Nyivé,ANOS,Assurance,Actif,6.211316666666667,1.1827816666666655
Maritime,Golfe,Golfe 3,Bè-Ouest,Afrique Envergure Sarl,Assurance,Actif,6.144976987522064,1.2199581991481316
Maritime,Golfe,Golfe 4,Amoutivé,Saeco Assurances,Assurance,Actif,6.138470000000001,1.2282249999999997
Maritime,Agoè-Nyivé,Agoè-Nyivé 1,Agoè-Nyivé,Primus Courtier,Assurance,Actif,6.244696666666666,1.2009366666666668
Maritime,Golfe,Golfe 4,Amoutivé,Direction Nationale COOPEC-AD,Micro-Finance,Actif,6.119546666666667,1.2033916666666664
Maritime,Golfe,Golfe 1,Bè-Est,NSIA Banque Akodessewa,Assurance,Actif,6.155995,1.267414999999999
Maritime,Golfe,Golfe 3,Bè-Ouest,Sanlam GTA,Assurance,Actif,6.1916811,1.2107797
Maritime,Golfe,Golfe 3,Bè-Ouest,CIF-Vie Togo S.A,Assurance,Actif,6.167255284205092,1.2029399806539445
Maritime,Golfe,Golfe 3,Bè-Ouest,LC Assurance,Assurance,Inactif,6.176976999701076,1.2053931107341227
Maritime,Golfe,Golfe 4,Amoutivé,BTCI Dékon,Assurance,Inactif,6.136157197214607,1.225732521445294
Maritime,Golfe,Golfe 3,Bè-Ouest,SIAR Assurance,Assurance,Actif,6.168148072124631,1.2233313905161691
Maritime,Golfe,Golfe 3,Bè-Ouest,CAR.AF.E. Assurance,Assurance,Actif,6.162325180486899,1.2098214081143377
Maritime,Golfe,Golfe 5,Aflao-Gakli,SCAT Assurance,Assurance,Actif,6.184071108735669,1.2001175582264891
Maritime,Golfe,Golfe 5,Aflao-Gakli,CCM Assurance Avé Maria,Assurance,Actif,6.175470574419579,1.183321513499177
Maritime,Golfe,Golfe 4,Amoutivé,Bellis Courtage Assurance,Assurance,Actif,6.1358684,1.2127519999999994
Maritime,Golfe,Golfe 1,Bè-Est,MECI de Be Kpota,Micro-Finance,Actif,6.160768333333334,1.2641033333333327
Maritime,Golfe,Golfe 4,Amoutivé,Gras Savoye,Assurance,Actif,6.134925,1.217001666666666
Maritime,Golfe,Golfe 3,Bè-Ouest,ASCOMA,Assurance,Actif,6.149055,1.202073333333333
Maritime,Golfe,Golfe 1,Bè-Est,ARIA-Togo Akodessewa,Assurance,Actif,6.153990000000002,1.2652766666666664
Maritime,Golfe,Golfe 1,Bè-Est,OLEA-Togo,Assurance,Actif,6.133033333333334,1.2487166666666665
Maritime,Golfe,Golfe 5,Aflao-Gakli,NSIA Assurance Avé Maria,Banque,Actif,6.173244622853102,1.1859034176359768
Maritime,Golfe,Golfe 3,Bè-Ouest,Societe Generale Internationale de Courtage (sgic Sarl),Assurance,Actif,6.168483963572919,1.2344707453584518
Maritime,Golfe,Golfe 5,Aflao-Gakli,UTB Adidoadin,Banque,Actif,6.20527813869813,1.1899101106977108
Maritime,Golfe,Golfe 3,Bè-Ouest,SCA-Togo Agbalepedogan,Assurance,Actif,6.184870000000001,1.2067599999999994
Maritime,Golfe,Golfe 3,Bè-Ouest,COOPEC-AD Ramco,Micro-Finance,Actif,6.150776666666667,1.2189766666666666
Maritime,Golfe,Golfe 4,Amoutivé,Fidelia Assurance Nyekonakpoè,Assurance,Actif,6.130845094475759,1.2128904412467998
Maritime,Golfe,Golfe 4,Amoutivé,SCA-Togo Kodjoviakope,Assurance,Actif,6.122498333333335,1.207428333333333
Maritime,Golfe,Golfe 4,Amoutivé,CARI Conseil,Assurance,Actif,6.1357476430245965,1.2194981944364922
Maritime,Golfe,Golfe 1,Bè-Est,A.C.A,Assurance,Actif,6.131139232834214,1.2372279723486592
Maritime,Agoè-Nyivé,Agoè-Nyivé 1,Agoè-Nyivé,BC2A Agbalépédogan,Assurance,Actif,6.200114999999999,1.2038933333333333
Maritime,Agoè-Nyivé,Agoè-Nyivé 3,Vakpossito,S2CA,Assurance,Actif,6.211470619946535,1.175019457887101
Maritime,Golfe,Golfe 5,Aflao-Gakli,La Citoyenneté Vie,Assurance,Actif,6.198784999999999,1.1882950000000003
Maritime,Golfe,Golfe 4,Amoutivé,Banque Atlantique Nyékonakpoè,Banque,Inactif,6.128869630544678,1.2217881500060723
Maritime,Golfe,Golfe 4,Amoutivé,UTB Circulaire,Banque,Actif,6.126683238406481,1.2099416569012376
Maritime,Golfe,Golfe 4,Amoutivé,NSIA Assurance Dékon,Assurance,Actif,6.134105981293428,1.2232397053236566
Maritime,Agoè-Nyivé,Agoè-Nyivé 1,Agoè-Nyivé,UTB ADidoadin,Banque,Actif,6.206290569555356,1.1896800177043505
Maritime,Golfe,Golfe 4,Amoutivé,UTB Adawlato,Banque,Actif,6.124833730714366,1.224622807087213
Maritime,Golfe,Golfe 5,Aflao-Gakli,SUNU Assurance Avedji,Assurance,Actif,6.199482938241073,1.170685791629736
Maritime,Agoè-Nyivé,Agoè-Nyivé 1,Agoè-Nyivé,UTB Agoe Nyive,Banque,Actif,6.218005401631653,1.2084511367284805
Maritime,Golfe,Golfe 3,Bè-Ouest,UTB Campus,Banque,Actif,6.1629308680804575,1.2133054519324866
Maritime,Golfe,Golfe 4,Amoutivé,UTB Media Plus,Banque,Actif,6.1366266666666665,1.2271566666666671
Maritime,Golfe,Golfe 4,Amoutivé,UTB Boulevard Est,Banque,Actif,6.131126605295462,1.236695908693323
Maritime,Golfe,Golfe 7,Aflao-Sagbado,CEC Canaan Wognomé,Micro-Finance,Inactif,6.184364091725218,1.1591475220721204
Maritime,Golfe,Golfe 5,Aflao-Gakli,CEC Canaan Agbalépédogan,Micro-Finance,Actif,6.187290776485152,1.2007805406182095
Maritime,Agoè-Nyivé,Agoè-Nyivé 6,Adétikopé,MECI Adétikopé,Micro-Finance,Actif,6.320585000000002,1.2194299999999996
Maritime,Golfe,Golfe 6,Baguida,SUNU Bank Baguida,Banque,Actif,6.164790000000002,1.3257749999999997
Maritime,Golfe,Golfe 5,Aflao-Gakli,BTCI Amadahome,Banque,Actif,6.203577734118557,1.165753912281195
Maritime,Golfe,Golfe 6,Baguida,COECEPT Baguida,Micro-Finance,Actif,6.161278333333338,1.3145200000000006
Maritime,Golfe,Golfe 1,Bè-Est,COOPEC la destinee,Micro-Finance,Actif,6.146889860294243,1.2475947877105835
Maritime,Golfe,Golfe 3,Bè-Ouest,SICAB Adewi,Micro-Finance,Actif,6.161662807231937,1.214881262557466
Maritime,Golfe,Golfe 5,Aflao-Gakli,Mutuelle ASJD Agbalépédogan,Mutuelle,Actif,6.19747982118969,1.2010668058288432
Maritime,Golfe,Golfe 5,Aflao-Gakli,FUCEC Togo Togo Totsi,Micro-Finance,Actif,6.19601654280304,1.1882061466560967
Maritime,Golfe,Golfe 5,Aflao-Gakli,Assilassime Solidarité,Micro-Finance,Actif,6.181991516618309,1.1703569145583557
Maritime,Golfe,Golfe 1,Bè-Est,Microfinance Alida,Micro-Finance,Actif,6.142880633563677,1.2444410674830826
Maritime,Golfe,Golfe 6,Baguida,COCPAV Logoté,Micro-Finance,Actif,6.174758333333335,1.312928333333334
Maritime,Golfe,Golfe 1,Bè-Est,Banque Atlantique bè Marché,Banque,Inactif,6.1438566666666645,1.2445766666666662
Maritime,Golfe,Golfe 1,Bè-Est,FABES Microfinance de Be Kpehenou,Micro-Finance,Inactif,6.1400183333333365,1.2402966666666664
Maritime,Golfe,Golfe 7,Aflao-Sagbado,Institution de Microfinance CECL Yokoe,Micro-Finance,Actif,6.182103747239964,1.1587770362263103
Maritime,Golfe,Golfe 1,Bè-Est,Coopérative ICEC,Micro-Finance,Actif,6.209457168642274,1.2397822265344405
Maritime,Golfe,Golfe 6,Baguida,MECPIP Avépozo,Micro-Finance,Actif,6.169654906536292,1.3456301994824706
Maritime,Agoè-Nyivé,Agoè-Nyivé 1,Agoè-Nyivé,COOPEC la Fructueuse,Micro-Finance,Actif,6.226266666666667,1.2124866666666676
Maritime,Agoè-Nyivé,Agoè-Nyivé 1,Agoè-Nyivé,BSIC Agoe,Banque,Inactif,6.231228399372045,1.2108376021568683
Maritime,Agoè-Nyivé,Agoè-Nyivé 1,Agoè-Nyivé,Mutuelle CEF-MF,Micro-Finance,Actif,6.199907615734126,1.2025874579982947
Maritime,Golfe,Golfe 5,Aflao-Gakli,Sanlam Lomégan,Assurance,Actif,6.182556180780277,1.199619301472088
Maritime,Golfe,Golfe 5,Aflao-Gakli,Sanlam Totsi,Assurance,Actif,6.191060000000004,1.1917883333333334
Maritime,Agoè-Nyivé,Agoè-Nyivé 1,Agoè-Nyivé,Sanlam Agbalepedogan,Assurance,Actif,6.200137116775405,1.1974511075200136
Maritime,Golfe,Golfe 5,Aflao-Gakli,Microfinance MECPIP de Agbalepedogan,Micro-Finance,Actif,6.198062968375543,1.2000078493982804
Maritime,Golfe,Golfe 5,Aflao-Gakli,ECOBANK Totsi,Banque,Actif,6.192615000000001,1.1904766666666653
Maritime,Golfe,Golfe 3,Bè-Ouest,BTCI Agbalépédogan,Banque,Actif,6.189404177138022,1.2083282961381128
Maritime,Golfe,Golfe 3,Bè-Ouest,ORABANK Agbalépédo,Banque,Actif,6.191995925975263,1.2084100036017402
Maritime,Golfe,Golfe 5,Aflao-Gakli,COFEC Microfinance,Micro-Finance,Actif,6.18820901685639,1.175787353659835
Maritime,Golfe,Golfe 5,Aflao-Gakli,Mutuelle ASJD Avédji,Mutuelle,Actif,6.202515205071812,1.1727522871420653
Maritime,Golfe,Golfe 5,Aflao-Gakli,WAGES Adidogome,Micro-Finance,Actif,6.182166390744935,1.1699902659280903
Maritime,Golfe,Golfe 3,Bè-Ouest,COOPEC Echoppe,Micro-Finance,Actif,6.152477349688095,1.217433513965792
Maritime,Golfe,Golfe 5,Aflao-Gakli,FINAM Agence Madiba,Micro-Finance,Actif,6.200279609307422,1.1483424531289623
Maritime,Golfe,Golfe 5,Aflao-Gakli,COOPEC Ave Agence Adidogome,Micro-Finance,Actif,6.190529656270431,1.16004889047566
Maritime,Golfe,Golfe 5,Aflao-Gakli,BSIC Adidogome,Banque,Actif,6.185385858421808,1.166512507173074
Maritime,Golfe,Golfe 5,Aflao-Gakli,COOPEC Solidarite,Micro-Finance,Actif,6.183092876351627,1.1691624091622577
Maritime,Golfe,Golfe 5,Aflao-Gakli,BTCI Adidogome,Banque,Actif,6.18165400741941,1.1708190706131802
Maritime,Golfe,Golfe 5,Aflao-Gakli,Microfinance Adidogome,Micro-Finance,Actif,6.181045000000002,1.170916666666666
Maritime,Golfe,Golfe 5,Aflao-Gakli,Banque Atlantique Adidogome,Banque,Actif,6.1758502449501975,1.181332273937717
Maritime,Golfe,Golfe 5,Aflao-Gakli,ORABANK Adidogome,Banque,Actif,6.175696361831756,1.181623994244117
Maritime,Golfe,Golfe 5,Aflao-Gakli,COOPEC Grâce plus Aménopé,Micro-Finance,Actif,6.197245,1.1522450000000006
Maritime,Golfe,Golfe 7,Aflao-Sagbado,Ardi-mec Togo Adidogome Assiyeye,Micro-Finance,Actif,6.198334999999999,1.150026666666667
Maritime,Golfe,Golfe 1,Bè-Est,Sanlam Bé,Assurance,Actif,6.13903127691597,1.238246730006049
Maritime,Golfe,Golfe 1,Bè-Est,Echoppe Togo,Micro-Finance,Actif,6.167264773667549,1.2743646772516546
Maritime,Golfe,Golfe 5,Aflao-Gakli,BTCI ADidogome Assiyeye,Banque,Actif,6.201183333333333,1.147541666666667
Maritime,Golfe,Golfe 5,Aflao-Gakli,Microfinance FINAM Adidogome Madiba,Micro-Finance,Actif,6.200508333333335,1.1483633333333327
Maritime,Golfe,Golfe 7,Aflao-Sagbado,Microfinance MECPIPI,Micro-Finance,Actif,6.190565000000001,1.1514066666666665
Maritime,Golfe,Golfe 3,Bè-Ouest,COOPEC AD Agence Ramco,Micro-Finance,Actif,6.150681666599552,1.218779190487734
Maritime,Golfe,Golfe 5,Aflao-Gakli,ECOBANK Adidogome Amadahome,Banque,Actif,6.196868748346697,1.1526131757897875
Maritime,Golfe,Golfe 5,Aflao-Gakli,ORABANK Agence Avedji,Banque,Actif,6.202041714037279,1.1811524606063122
Maritime,Golfe,Golfe 5,Aflao-Gakli,BSIC Adidogome Assiyeye,Banque,Actif,6.201284174144931,1.1484432876078905
Maritime,Golfe,Golfe 5,Aflao-Gakli,SUNU Bank Agence Adidogome,Banque,Actif,6.185368726602131,1.1659948005766052
Maritime,Golfe,Golfe 5,Aflao-Gakli,NSIA Assurance Adidogome,Assurance,Actif,6.179892249088729,1.172868315007228
Maritime,Golfe,Golfe 5,Aflao-Gakli,GTA Assurance Adidogomé,Assurance,Actif,6.178137602756356,1.176792570206645
Maritime,Golfe,Golfe 5,Aflao-Gakli,FINAM Agence Principale,Micro-Finance,Actif,6.175399463908128,1.1811310347589885
Maritime,Golfe,Golfe 5,Aflao-Gakli,Sanlam Adidogome,Assurance,Actif,6.175784775799637,1.181027842881429
Maritime,Golfe,Golfe 5,Aflao-Gakli,BIA Togo Adidogome,Banque,Actif,6.175221581533679,1.181610098445674
Maritime,Golfe,Golfe 5,Aflao-Gakli,Mutuelle Nevaeme,Micro-Finance,Actif,6.170243228328728,1.1958422254864731
Maritime,Golfe,Golfe 3,Bè-Ouest,BSIC Klikame,Banque,Actif,6.179581433077906,1.2053861993756263
Maritime,Agoè-Nyivé,Agoè-Nyivé 4,Togblekope,Mutuelle la Dignite,Micro-Finance,Actif,6.256128333333337,1.2035333333333331
Maritime,Agoè-Nyivé,Agoè-Nyivé 1,Agoè-Nyivé,COOPAD Agoe Zongo,Micro-Finance,Actif,6.251594999999999,1.2085516666666665
Maritime,Golfe,Golfe 1,Bè-Est,COOPEC Maturite,Micro-Finance,Actif,6.142242588829827,1.24267312674284
Maritime,Golfe,Golfe 4,Amoutivé,CORIS Bank Attikoumé,Banque,Inactif,6.165553825072307,1.2025330078353182
Maritime,Agoè-Nyivé,Agoè-Nyivé 4,Togblekope,IB Bank Haoussa-Zongo,Banque,Actif,6.260926666666666,1.2077716666666671
Maritime,Agoè-Nyivé,Agoè-Nyivé 1,Agoè-Nyivé,La Pyramide Sarl,Micro-Finance,Actif,6.221909743450495,1.2264462067175177
Maritime,Agoè-Nyivé,Agoè-Nyivé 1,Agoè-Nyivé,Microfinance WAGES,Micro-Finance,Actif,6.228957095770304,1.2114069545005897
Maritime,Agoè-Nyivé,Agoè-Nyivé 1,Agoè-Nyivé,SUNU Bank Agence Agoe,Banque,Actif,6.231028294606337,1.2108834537529962
Maritime,Golfe,Golfe 4,Amoutivé,BSIC Nyekonakpoè,Banque,Inactif,6.126545552408166,1.2093230045469638
Maritime,Agoè-Nyivé,Agoè-Nyivé 4,Togblekope,SPT Zongo,Banque,Actif,6.253803333333334,1.2093899999999995
Maritime,Agoè-Nyivé,Agoè-Nyivé 1,Agoè-Nyivé,COOPEC DECA,Micro-Finance,Actif,6.250081666666668,1.1980583333333326
Maritime,Agoè-Nyivé,Agoè-Nyivé 1,Agoè-Nyivé,IFRJRJRJ,Micro-Finance,Inactif,6.230813333333335,1.2126316666666663
Maritime,Agoè-Nyivé,Agoè-Nyivé 1,Agoè-Nyivé,Microfinance MECI Agoe demakpoe,Micro-Finance,Actif,6.239011788598628,1.2037772307917702
Maritime,Agoè-Nyivé,Agoè-Nyivé 1,Agoè-Nyivé,COOPEC AD Agoe Assiyeye,Micro-Finance,Actif,6.2311266666666665,1.1956533333333323
Maritime,Golfe,Golfe 5,Aflao-Gakli,Microfinance CECA ADidogome,Micro-Finance,Actif,6.195856666666667,1.1534599999999993
Maritime,Golfe,Golfe 7,Aflao-Sagbado,WAGES Avoeme,Micro-Finance,Actif,6.193568189338821,1.1362234349880922
Maritime,Golfe,Golfe 7,Aflao-Sagbado,Sanlam Segbe,Assurance,Actif,6.193408575739667,1.1223945384423228
Maritime,Agoè-Nyivé,Agoè-Nyivé 1,Agoè-Nyivé,Microfinance COECEB Agoè Gbonvé,Micro-Finance,Actif,6.217353333333333,1.184011666666667
Maritime,Agoè-Nyivé,Agoè-Nyivé 1,Agoè-Nyivé,Millenium Microfinance Atchanve,Micro-Finance,Actif,6.230698333333336,1.2104149999999994
Maritime,Golfe,Golfe 4,Amoutivé,SPT Nyekonakpoe,Banque,Actif,6.127418333333331,1.2090533333333338
Maritime,Agoè-Nyivé,Agoè-Nyivé 4,Togblekope,Club Entraide Sans Frontière Microfinance,Micro-Finance,Actif,6.257508333333334,1.2080933333333337
Maritime,Agoè-Nyivé,Agoè-Nyivé 1,Agoè-Nyivé,COOPEC AD Atchanve,Micro-Finance,Actif,6.22516,1.215873333333333
Maritime,Agoè-Nyivé,Agoè-Nyivé 1,Agoè-Nyivé,Banque Atlantique Agoè plantation,Banque,Actif,6.234141666666671,1.210315
Maritime,Golfe,Golfe 1,Bè-Est,Banque Atlantique Ahadji-Kpota,Banque,Actif,6.158952552228888,1.284411532906097
Maritime,Golfe,Golfe 1,Bè-Est,Banque SAB,Banque,Actif,6.158843175762937,1.283915322411816
Maritime,Golfe,Golfe 1,Bè-Est,FINAM de Be Kpota,Micro-Finance,Actif,6.161233471849637,1.2647203559983111
Maritime,Golfe,Golfe 4,Amoutivé,BCEAO Nyékonakpoè,Banque,Inactif,6.127253059898546,1.2123360258696294
Maritime,Golfe,Golfe 1,Bè-Est,Microfinance Millenium Akodessewa,Micro-Finance,Actif,6.149492518364627,1.2520761090457726
Maritime,Golfe,Golfe 1,Bè-Est,COOPEC Solidarite Bè-Est,Micro-Finance,Actif,6.151410343314092,1.2602327242222342
Maritime,Golfe,Golfe 1,Bè-Est,COOPEC Ave Bèkpota,Micro-Finance,Actif,6.162791666666666,1.2664766666666665
Maritime,Golfe,Golfe 1,Bè-Est,COCEC Anfame,Micro-Finance,Actif,6.165016666666668,1.27659
Maritime,Golfe,Golfe 6,Baguida,COOPEC Solidarite Baguida,Micro-Finance,Actif,6.168981693684939,1.30127394781389
Maritime,Golfe,Golfe 2,Bè-Centre,COCEC Atiegougan,Micro-Finance,Actif,6.193655274980941,1.2585695750803578
Maritime,Golfe,Golfe 1,Bè-Est,SPT Adakpame,Banque,Actif,6.170184999999998,1.2894333333333332
Maritime,Golfe,Golfe 3,Bè-Ouest,UTB Tokoin Tresor,Banque,Actif,6.153320000000002,1.2172633333333331
Maritime,Golfe,Golfe 1,Bè-Est,Banque Atlantique de Lomé Port,Banque,Actif,6.143484596492329,1.275309893948456
Maritime,Golfe,Golfe 3,Bè-Ouest,UTB Adewui,Banque,Actif,6.161748001191442,1.2151359741409398
Maritime,Golfe,Golfe 3,Bè-Ouest,Micro_finance ICEC,Micro-Finance,Actif,6.152418507787813,1.220592547128789
Maritime,Vo,Vo 4,Hahotoé,SPT Hahotoe,Banque,Actif,6.361458333333332,1.4089583333333326
Maritime,Golfe,Golfe 3,Bè-Ouest,COOPEC TRASSTO,Micro-Finance,Actif,6.149371513360616,1.2247502721925536
Maritime,Golfe,Golfe 3,Bè-Ouest,Banque Atlantique Tokoin SOTED,Banque,Actif,6.152278277956703,1.2212965339820714
Maritime,Golfe,Golfe 3,Bè-Ouest,ORABANK Tokoin,Banque,Actif,6.1485001,1.2191920000000005
Maritime,Golfe,Golfe 1,Bè-Est,Microfinance la Rosee de Dieu,Micro-Finance,Actif,6.1719833333333325,1.2709849999999996
Maritime,Golfe,Golfe 1,Bè-Est,MECIT BE-KPOTA,Banque,Inactif,6.158953333333335,1.263561666666666
Maritime,Golfe,Golfe 1,Bè-Est,WAGES Akodessewa,Micro-Finance,Actif,6.153173333333331,1.266705
Maritime,Golfe,Golfe 1,Bè-Est,Mutuelle Nevaeme,Micro-Finance,Actif,6.15032,1.2546416666666669
Maritime,Golfe,Golfe 3,Bè-Ouest,CORIS Bank International,Banque,Actif,6.164337860272213,1.2227248052125623
Maritime,Golfe,Golfe 1,Bè-Est,ECOBANK d'Akodessewa,Banque,Actif,6.15309018801826,1.2657853626122717
Maritime,Golfe,Golfe 1,Bè-Est,SPT Dzifa Kpota,Banque,Actif,6.164911666666665,1.269995
Maritime,Golfe,Golfe 4,Amoutivé,NSIA Banque - Direction générale,Banque,Actif,6.1366200384195695,1.2280632684965314
Maritime,Golfe,Golfe 6,Baguida,ECOBANK Baguida,Banque,Actif,6.164330909226384,1.3269297744176531
Maritime,Golfe,Golfe 1,Bè-Est,UTB Be Kpota,Banque,Actif,6.1581,1.255043333333333
Maritime,Golfe,Golfe 2,Bè-Centre,UTB Hedzranawo,Banque,Actif,6.182610000000001,1.2404883333333334
Maritime,Golfe,Golfe 2,Bè-Centre,UTB Novissi Jean Paul 2,Banque,Actif,6.174466666666666,1.2345683333333335
Maritime,Agoè-Nyivé,Agoè-Nyivé 2,Légbassito,UMECTO Zossime,Micro-Finance,Actif,6.233313818374659,1.1533418882286626
Maritime,Golfe,Golfe 3,Bè-Ouest,UTB Sgi,Banque,Actif,6.188188307046548,1.2123085932812612
Maritime,Golfe,Golfe 3,Bè-Ouest,UTB Cadastre,Banque,Actif,6.163129999999999,1.2203616666666663
Maritime,Golfe,Golfe 4,Amoutivé,UTB Kwadjoviakope,Banque,Actif,6.113686666666665,1.1997333333333329
Maritime,Golfe,Golfe 5,Aflao-Gakli,UTB Adidogome,Banque,Actif,6.173938606467558,1.1844361581704723
Maritime,Agoè-Nyivé,Agoè-Nyivé 5,Sanguera,WAGES Sanguera,Micro-Finance,Actif,6.227764718190804,1.11705832245944
Maritime,Agoè-Nyivé,Agoè-Nyivé 5,Sanguera,FUCEC Togo -Togo COOPEC Akepe,Micro-Finance,Actif,6.228350320064125,1.1163963879472318
Maritime,Agoè-Nyivé,Agoè-Nyivé 5,Sanguera,COOPEC Grace Plus Agningbe,Micro-Finance,Actif,6.2301,1.1125100000000006
Maritime,Agoè-Nyivé,Agoè-Nyivé 5,Sanguera,WAGES Zossime,Micro-Finance,Actif,6.232699922230927,1.150194652967041
Maritime,Agoè-Nyivé,Agoè-Nyivé 2,Légbassito,FUCEC Togo Zossime,Micro-Finance,Actif,6.234060848226777,1.1515290669422864
Maritime,Agoè-Nyivé,Agoè-Nyivé 3,Vakpossito,CEC Canaan Assigomé,Micro-Finance,Actif,6.227470793061823,1.1588102180357074
Maritime,Agoè-Nyivé,Agoè-Nyivé 3,Vakpossito,Assilassime Solidarite Agence Vakpossito,Micro-Finance,Actif,6.217833333333336,1.163551666666666
Maritime,Golfe,Golfe 4,Amoutivé,ORABANK Awsivito,Banque,Inactif,6.130712869496344,1.2225614917085577
Maritime,Golfe,Golfe 4,Amoutivé,BIA Togo Amoutivé,Banque,Inactif,6.13506543409183,1.2228141094151594
Maritime,Golfe,Golfe 4,Amoutivé,SUNU Bank Hanoukopé,Banque,Inactif,6.135189608577579,1.2190643228780644
Maritime,Golfe,Golfe 4,Amoutivé,BIDC,Banque,Inactif,6.136271742995631,1.2244005557775837
Maritime,Golfe,Golfe 4,Amoutivé,COFINA,Micro-Finance,Inactif,6.121898012826782,1.2099160178596031
Maritime,Golfe,Golfe 1,Bè-Est,CORIS Bank Dekon,Banque,Inactif,6.133650520545244,1.2356251122972517
Maritime,Golfe,Golfe 4,Amoutivé,BOA Adawalto,Banque,Inactif,6.122767502988975,1.22426464353923
Maritime,Golfe,Golfe 3,Bè-Ouest,FUCEC Togo Attikoumé,Micro-Finance,Inactif,6.167350061998798,1.2028448122307285
Kara,Kéran,Kéran 1,Kantè,Promo Finance Kanté,Micro-Finance,Actif,9.947216666666668,1.0474316666666663
Maritime,Agoè-Nyivé,Agoè-Nyivé 6,Adétikopé,Club Entraide Sans Frontiere Microfinance( CEF-MF),Micro-Finance,Actif,6.324043333333334,1.2177033333333331
Maritime,Agoè-Nyivé,Agoè-Nyivé 6,Adétikopé,SPT Adeticope,Banque,Actif,6.3177049514139645,1.2168721067236126
Maritime,Agoè-Nyivé,Agoè-Nyivé 6,Adétikopé,FEDES Togo,Micro-Finance,Actif,6.317366666666667,1.217698333333333
Kara,Dankpen,Dankpen 1,Guérin-Kouka,SPT Guerin Kouka,Banque,Inactif,9.685076666666664,0.608898333333334
Maritime,Agoè-Nyivé,Agoè-Nyivé 1,Agoè-Nyivé,ASJD LEO 2000,Micro-Finance,Actif,6.211399000763923,1.1770465339023344
Maritime,Agoè-Nyivé,Agoè-Nyivé 3,Vakpossito,Microfinance Trinité,Micro-Finance,Actif,6.218510565819639,1.1596863227492002
Maritime,Agoè-Nyivé,Agoè-Nyivé 3,Vakpossito,DSA Bank Vakpossito,Banque,Actif,6.219090565016318,1.1593217627558794
Maritime,Agoè-Nyivé,Agoè-Nyivé 5,Sanguera,Microfinance MEDAD,Micro-Finance,Actif,6.218509999999998,1.1525749999999997
Maritime,Agoè-Nyivé,Agoè-Nyivé 3,Vakpossito,Microfinance Ardi-mec,Micro-Finance,Actif,6.2136982237047125,1.1607790281442616
Maritime,Golfe,Golfe 5,Aflao-Gakli,Microfinance COCEC,Micro-Finance,Inactif,6.210326028711114,1.1580462648295022
Kara,Kéran,Kéran 1,Kantè,SPT Kanté,Banque,Actif,9.959381666666664,1.0474900000000005
Kara,Kéran,Kéran 1,Kantè,FUCEC Togo Kante,Micro-Finance,Actif,9.958663333333334,1.0457083333333328
Kara,Kéran,Kéran 1,Kantè,SUNU Bank Kanté,Banque,Actif,9.957055000000002,1.053913333333333
Kara,Kéran,Kéran 1,Kantè,MUFEC Kanté,Micro-Finance,Actif,9.958885,1.048891666666666
Maritime,Zio,Zio 2,Kovié,FECECAV Kovie,Micro-Finance,Actif,6.341032485208888,1.107539923832058
Kara,Kéran,Kéran 1,Kantè,ORABANK Kanté,Banque,Actif,9.952220000000002,1.0468766666666662
Kara,Kéran,Kéran 1,Kantè,UTB Kante,Banque,Actif,9.958818333333332,1.046411666666666
Kara,Kozah,Kozah 2,Pya,UTB Pya,Banque,Actif,9.6474589337942,1.14661702228107
Kara,Kozah,Kozah 2,Pya,SPT Pya,Banque,Actif,9.65284666666667,1.144356666666667
Kara,Kozah,Kozah 1,Commune De Kara,BOA Ewoou,Banque,Actif,9.549259674086525,1.1897493993518578
Kara,Kozah,Kozah 1,Commune De Kara,SPT Welade,Banque,Actif,9.54998202102313,1.189634878046256
Kara,Kozah,Kozah 1,Commune De Kara,CAVEC Lidaw,Micro-Finance,Actif,9.54471760300309,1.189143436142396
Kara,Kozah,Kozah 1,Commune De Kara,CORIS Bank Cofake,Banque,Actif,9.54879200653476,1.196452446855992
Kara,Kozah,Kozah 1,Commune De Kara,BIA Togo Ewonou,Banque,Inactif,9.54734474775011,1.1925355239357285
Kara,Kozah,Kozah 1,Commune De Kara,SPT Cofac,Banque,Actif,9.548288333333334,1.1948716666666663
Kara,Kozah,Kozah 1,Commune De Kara,ORABANK Ewoou,Banque,Actif,9.55054805998585,1.189048978348377
Kara,Kozah,Kozah 1,Commune De Kara,NSIA Banque Ewoou,Banque,Actif,9.54791851272773,1.1902546966948893
Kara,Kozah,Kozah 1,Commune De Kara,ECOBANK Ewoou,Banque,Actif,9.548949901652454,1.1899261329472668
Kara,Kozah,Kozah 1,Commune De Kara,Banque Atlantique Kpingning-Boua,Banque,Actif,9.550378425580172,1.1891291021417325
Kara,Assoli,Assoli 1,Bafilo,Cef Microfinance Bafilo,Micro-Finance,Actif,9.35139418329441,1.2453006548593477
Kara,Assoli,Assoli 1,Bafilo,SPT Bafilo,Banque,Actif,9.35663883344696,1.2426567541740527
Kara,Assoli,Assoli 1,Bafilo,COOPEC Ariziki,Micro-Finance,Actif,9.35788333333333,1.241955
Kara,Kozah,Kozah 1,Commune De Kara,COMEC Kara Camp Général Ameyi,Micro-Finance,Actif,9.570435000000002,1.1779250000000006
Kara,Kozah,Kozah 1,Commune De Kara,UTB Kara,Banque,Actif,9.557224354969131,1.183997811949712
Kara,Assoli,Assoli 1,Bafilo,Promofinance Bafilo,Micro-Finance,Actif,9.353026666666668,1.2436866666666664
Kara,Assoli,Assoli 1,Bafilo,MUCAD Bafilo,Micro-Finance,Actif,9.354090029712957,1.2439943257280484
Kara,Kozah,Kozah 1,Commune De Kara,ORABANK Ewaou,Banque,Actif,9.549658000938429,1.1864912624891424
Kara,Kozah,Kozah 2,Pya,Promofinance Ténouyo,Micro-Finance,Actif,9.662645505430786,1.151751363056403
Kara,Kozah,Kozah 2,Pya,SUNU Bank Pya,Banque,Actif,9.667835000000002,1.1563300000000003
Kara,Dankpen,Dankpen 1,Guérin-Kouka,Assoli,Micro-Finance,Actif,9.687836666666666,0.6067900000000003
Kara,Assoli,Assoli 1,Bafilo,COOPEC ADESEM Bafilo,Micro-Finance,Actif,9.350101666666664,1.2473149999999995
Kara,Doufelgou,Doufelgou 1,Niamtougou,Fonds Social de Solidarite,Micro-Finance,Inactif,9.765915934646785,1.1088002784319737
Kara,Assoli,Assoli 1,Bafilo,SUNU Bank Bafilo,Banque,Actif,9.363648840406382,1.2465922377779206
Kara,Kozah,Kozah 1,Commune De Kara,Promo Finance Kara,Micro-Finance,Actif,9.549825,1.190335
Kara,Kozah,Kozah 1,Commune De Kara,MUFEC Lama,Micro-Finance,Inactif,9.545616666666666,1.193238333333333
Kara,Kozah,Kozah 1,Commune De Kara,FUCEC Togo Kara,Micro-Finance,Inactif,9.54599481642617,1.1895597196310683
Kara,Kozah,Kozah 1,Commune De Kara,Promo Finance Tomdè,Micro-Finance,Actif,9.55893971986101,1.1929045224519192
Kara,Dankpen,Dankpen 1,Guérin-Kouka,Promofinance Guérin Kouka,Micro-Finance,Actif,9.691299545076577,0.607913217071084
Kara,Dankpen,Dankpen 1,Guérin-Kouka,FUCEC Togo Guérin Kouka,Micro-Finance,Actif,9.690883015666522,0.6076439852015187
Kara,Dankpen,Dankpen 1,Guérin-Kouka,SUNU Bank Guerin kouka,Banque,Actif,9.69098657157564,0.607948302392737
Kara,Binah,Binah 1,Pagouda,COOPEC Pagouda,Micro-Finance,Actif,9.753071666666669,1.3282716666666663
Kara,Dankpen,Dankpen 1,Guérin-Kouka,MUCAD Guérin Kouka,Micro-Finance,Actif,9.686661666666668,0.6089583333333335
Kara,Dankpen,Dankpen 1,Guérin-Kouka,UTB Guérin Kouka,Banque,Actif,9.68979833333333,0.608206666666666
Kara,Binah,Binah 2,Kétao,Micro-finance UMECTO,Micro-Finance,Actif,9.656716666666666,1.3071466666666665
Kara,Binah,Binah 2,Kétao,FUCEC Togo Ketao,Micro-Finance,Actif,9.660192574355834,1.3053182226434377
Kara,Binah,Binah 2,Kétao,SUNU Bank Ketao,Banque,Actif,9.658283091634448,1.3092182485343231
Kara,Binah,Binah 2,Kétao,SPT Ketao,Banque,Actif,9.6589212950631,1.308253590411621
Kara,Binah,Binah 2,Kétao,UTB Ketao,Banque,Actif,9.65898470765692,1.3089801819764006
Kara,Binah,Binah 2,Kétao,Promofinace de Ketao,Micro-Finance,Actif,9.66116912180659,1.3103669654981691
Kara,Binah,Binah 1,Pagouda,SPT Pagouda,Banque,Actif,9.750391631457337,1.325414215878476
Kara,Binah,Binah 2,Kétao,Microfinance MUCAD Ketao,Micro-Finance,Actif,9.657653968012646,1.3090748377137882
Kara,Bassar,Bassar 1,Bassar,SUNU Bank Bassar,Banque,Actif,9.258141930199509,0.7837097037461499
Kara,Bassar,Bassar 1,Bassar,ORABANK Togo Bassar,Banque,Actif,9.2570711054529,0.7851603845733981
Kara,Bassar,Bassar 1,Bassar,UTB Bassar,Banque,Actif,9.262254004092847,0.7814020907649645
Kara,Bassar,Bassar 1,Bassar,SPT Bassar,Banque,Actif,9.262185,0.7793183333333322
Kara,Bassar,Bassar 1,Bassar,COOPEC AD Bassar,Micro-Finance,Actif,9.264693333333335,0.7796333333333333
Kara,Bassar,Bassar 1,Bassar,URCLEC Bassar,Micro-Finance,Actif,9.261451216466083,0.7789651095010675
Kara,Bassar,Bassar 2,Bangeli,COOPEC ADESEM Bangeli,Micro-Finance,Actif,9.422103333333332,0.62418
Kara,Bassar,Bassar 2,Bangeli,SPT Bangeli,Banque,Actif,9.422101666666668,0.6246133333333327
Savanes,Oti,Oti 1,Mango,SUNU Mango,Banque,Actif,10.354379899748068,0.4704628173648756
Kara,Bassar,Bassar 3,Kabou,COOPEC ADESEM Sankpana,Micro-Finance,Actif,9.455804999999998,0.8176699999999999
Maritime,Avé,Avé 1,Assahoun,UTB Assahoun,Banque,Actif,6.456482289715696,0.9095906393193488
Kara,Bassar,Bassar 3,Kabou,FUCEC Togo Kabou,Micro-Finance,Actif,9.454095,0.8109583333333329
Kara,Bassar,Bassar 3,Kabou,BTCI Kabou,Banque,Actif,9.456295504129102,0.813139962823082
Kara,Bassar,Bassar 1,Bassar,COOPEC Bilimon Bassar,Micro-Finance,Actif,9.259053265635966,0.7829177879262712
Kara,Doufelgou,Doufelgou 3,Alloum,MEC-D Broukou,Micro-Finance,Actif,9.738439456101142,0.9212603058598732
Kara,Doufelgou,Doufelgou 1,Niamtougou,BTCI Niamtougou,Banque,Actif,9.765265000000005,1.10898
Kara,Doufelgou,Doufelgou 1,Siou,MEC-D  Siou,Micro-Finance,Actif,9.821415000000002,1.2002383333333335
Kara,Doufelgou,Doufelgou 2,Défalé,MEC-D de defale,Micro-Finance,Actif,9.865460748016316,1.0905210478622869
Kara,Doufelgou,Doufelgou 1,Niamtougou,SUNU Bank Niamtougou,Banque,Actif,9.761561464617031,1.1073076816539842
Kara,Doufelgou,Doufelgou 3,Alloum,Promofinance Broukou,Micro-Finance,Actif,9.73983174900369,0.9215777363608127
Kara,Doufelgou,Doufelgou 3,Alloum,COOPEC Niamtougou,Micro-Finance,Actif,9.740067313310163,0.9202392697524872
Kara,Doufelgou,Doufelgou 1,Niamtougou,COOPEC Niantougou,Micro-Finance,Actif,9.764061326431086,1.1068379097221857
Kara,Doufelgou,Doufelgou 1,Niamtougou,C.P.D.E.N.D.F,Micro-Finance,Actif,9.773433803190713,1.112788506935008
Kara,Doufelgou,Doufelgou 1,Niamtougou,Mec-d Niamtougou,Micro-Finance,Actif,9.765029259233224,1.1074411232945585
Kara,Kozah,Kozah 1,Commune De Kara,Sanlam Kara,Assurance,Actif,9.545288813776803,1.1969616674093926
Kara,Kozah,Kozah 1,Commune De Kara,GTA Assurance Gbiyinboua,Assurance,Actif,9.550400130426782,1.1891039895249098
Kara,Kozah,Kozah 1,Commune De Kara,Fidelia Assurance Kara,Assurance,Actif,9.547881785245083,1.1921138803668052
Kara,Kozah,Kozah 1,Commune De Kara,NSIA Assurance Kara,Assurance,Actif,9.551905000000003,1.1878516666666663
Kara,Kozah,Kozah 1,Commune De Kara,Prudential Beneficial Assurance,Assurance,Actif,9.55916039834308,1.19172082385639
Kara,Kozah,Kozah 1,Commune De Kara,SUNU Assurance Vie,Assurance,Actif,9.558608333333334,1.1833899999999993
Kara,Kozah,Kozah 1,Commune De Kara,SUNU Assurance Iard,Assurance,Actif,9.551063333333332,1.188863333333333
Kara,Bassar,Bassar 1,Bassar,Fidelia Assurance Bassar,Assurance,Actif,9.264446666666668,0.7856599999999997
Kara,Bassar,Bassar 1,Bassar,Promo Finance Bassar,Micro-Finance,Actif,9.262161666666668,0.7741283333333334
Kara,Kozah,Kozah 1,Commune De Kara,SUNU Bank Chaminade,Banque,Actif,9.55859709356478,1.183396916780646
Kara,Kozah,Kozah 1,Commune De Kara,BSIC Kara,Banque,Actif,9.548170000000002,1.192223333333334
Maritime,Zio,Zio 1,Djagblé,COCEC Djagble,Micro-Finance,Actif,6.254643333333335,1.282755
Maritime,Zio,Zio 3,Gamé-Sèva,Mutuelle Villageoise de developpement de Avedze,Micro-Finance,Actif,6.672092766562961,1.238830357308717
Maritime,Yoto,Yoto 1,Tabligbo,SUNU Bank Tagbligbo,Banque,Actif,6.592006666666667,1.5012799999999995
Maritime,Yoto,Yoto 1,Tabligbo,COOPEC-AD Tagbligbo,Micro-Finance,Actif,6.589533333333335,1.500261666666667
Maritime,Yoto,Yoto 1,Tabligbo,Mutuelle Akwaba Tagbligbo,Micro-Finance,Actif,6.588998754943864,1.4957404469606597
Maritime,Yoto,Yoto 1,Tabligbo,UTB Tagbligbo,Banque,Actif,6.588850000000002,1.4940933333333333
Maritime,Yoto,Yoto 1,Tabligbo,Banque Atlantique Tagbligbo,Banque,Actif,6.58045,1.5106866666666663
Maritime,Yoto,Yoto 1,Tabligbo,UMECTO Tagbligbo,Micro-Finance,Actif,6.589511666666668,1.4988783333333335
Maritime,Yoto,Yoto 2,Ahépé,UMECTO Ahepe,Micro-Finance,Actif,6.6063616666666665,1.3961916666666665
Maritime,Yoto,Yoto 2,Ahépé,Mutuelle Akwaba Agence Annexe,Micro-Finance,Actif,6.604326666666667,1.3941233333333327
Maritime,Yoto,Yoto 2,Tchékpo,FUCEC Togo -Togo (guichet de Tchekpo ),Micro-Finance,Actif,6.533866666666665,1.3589116666666667
Maritime,Yoto,Yoto 2,Tchékpo,Mutuelle Akwaba Guichet de Tchekpo,Micro-Finance,Actif,6.536853333333333,1.3603983333333334
Maritime,Yoto,Yoto 2,Ahépé,FUCEC Togo Ahépé,Micro-Finance,Actif,6.605745000000001,1.3975900000000003
Maritime,Yoto,Yoto 1,Tabligbo,SPT Tagbligbo,Banque,Actif,6.588474999999998,1.5004100000000002
Maritime,Yoto,Yoto 2,Ahépé,SPT Ahepe,Banque,Actif,6.607158333333333,1.3964700000000003
Maritime,Yoto,Yoto 1,Kouvé,COOPEC Kouve,Micro-Finance,Actif,6.662139999999999,1.413443333333334
Maritime,Yoto,Yoto 1,Kouvé,Mutuelle Akwaba Kouvé Atsapé,Micro-Finance,Actif,6.663051666666666,1.412469999999999
Maritime,Yoto,Yoto 1,Tabligbo,FUCEC Togo Tabligbo,Micro-Finance,Actif,6.587079999999999,1.5007683333333337
Maritime,Zio,Zio 1,Tsévié,FUCEC Togo COOPEC Tsevie,Micro-Finance,Inactif,6.424629719549638,1.2160345099598362
Maritime,Zio,Zio 2,Mission-Tové,Cooperative Solidarite Agricole Centre la Pauvreté,Micro-Finance,Actif,6.321683745336598,1.1248683611403556
Maritime,Zio,Zio 1,Tsévié,UTB Tsevie,Banque,Actif,6.423501666666669,1.2128466666666666
Maritime,Yoto,Yoto 3,Gboto,Tsonakle,Micro-Finance,Actif,6.70537189952756,1.4765249942202656
Maritime,Yoto,Yoto 3,Gboto,ADCB-CREC,Micro-Finance,Actif,6.675221666666665,1.529971666666667
Maritime,Zio,Zio 1,Tsévié,WAGES Tsévié,Micro-Finance,Actif,6.43694116781951,1.2112870881548377
Maritime,Zio,Zio 1,Tsévié,UMECTO Tsévié,Micro-Finance,Inactif,6.437543162266772,1.210738094162488
Maritime,Zio,Zio 1,Djagblé,COOPEC la Fructueuse,Micro-Finance,Actif,6.248924096380966,1.2777675648911706
Maritime,Zio,Zio 1,Dalavé,Mutuelle Akwaba Adangbe,Micro-Finance,Actif,6.402118341535273,1.271555033349037
Maritime,Zio,Zio 1,Tsévié,Mutuelle Akwaba Tsévié,Micro-Finance,Inconnu,6.408478333333334,1.2089566666666665
Maritime,Zio,Zio 1,Tsévié,FECECAV la Grâce,Micro-Finance,Inconnu,6.424116666666666,1.2096783333333332
Maritime,Vo,Vo 4,Akoumapé,Coopérative des Femmes Pour L'epargne et de Crédit,Micro-Finance,Actif,6.383346666666666,1.4332699999999996
Maritime,Avé,Avé 1,Kévé,SPT Keve,Banque,Actif,6.435462033465573,0.9242519550209952
Maritime,Bas-Mono,Bas-Mono 1,Afagnangan,COOPEC Afagnan,Micro-Finance,Actif,6.4958124421382895,1.6270983717941223
Maritime,Avé,Avé 1,Kévé,FUCEC Togo Topeme,Micro-Finance,Actif,6.430819006546948,0.9307392946149826
Maritime,Avé,Avé 1,Kévé,COOPEC AD Kévé,Micro-Finance,Actif,6.434536666666666,0.9252549999999996
Maritime,Avé,Avé 2,Aképé,FECECAV D Assiame,Micro-Finance,Actif,6.242173333333335,1.0578266666666665
Maritime,Avé,Avé 1,Tovégan,FECECAV Solidarite,Micro-Finance,Actif,6.566518333333333,0.8942383333333328
Maritime,Avé,Avé 2,Aképé,FUCEC Togo Akepe,Micro-Finance,Actif,6.241332053458358,1.0574369358405815
Maritime,Avé,Avé 2,Badja,COOPAD Transformation,Micro-Finance,Actif,6.375300000000003,0.9851716666666668
Maritime,Zio,Zio 1,Gbatopé,Mutuelle Akwaba Gbatope,Micro-Finance,Actif,6.44441,1.2590233333333332
Maritime,Vo,Vo 3,Dzrékpo,Microfinance Tso Nakle,Micro-Finance,Actif,6.473318684360648,1.5688957745842684
Maritime,Zio,Zio 1,Tsévié,SUNU Bank Tsevie,Banque,Actif,6.417165,1.2116950000000004
Savanes,Cinkassé,Cinkassé 1,Cinkassé,2A.D.A.D,Micro-Finance,Actif,11.09987712,0.0242955900000002
Maritime,Avé,Avé 1,Assahoun,COECEPT Assahoun,Micro-Finance,Actif,6.459856089517012,0.9087680273957977
Maritime,Avé,Avé 1,Zolo,FUCEC Togo Dzolo,Micro-Finance,Actif,6.375671632325823,0.8913618068184748
Maritime,Avé,Avé 1,Assahoun,CECAV la Grace,Micro-Finance,Actif,6.459115000000002,0.9090066666666662
Maritime,Avé,Avé 2,Noépé,COOPEC la Lumière,Micro-Finance,Inactif,6.256828672534578,1.0430936701408355
Maritime,Avé,Avé 1,Assahoun,ORABANK Assahoun,Banque,Actif,6.454893167303371,0.9101882221452332
Maritime,Avé,Avé 1,Assahoun,FUCEC Togo Assahoun,Micro-Finance,Actif,6.450344918328133,0.9145275580204044
Maritime,Zio,Zio 2,Mission-Tové,Mutuelle Benit,Micro-Finance,Actif,6.296796666666668,1.135565
Maritime,Zio,Zio 1,Tsévié,SPT Tsevie,Banque,Actif,6.4240801143212565,1.209923301397525
Maritime,Zio,Zio 1,Tsévié,COOPEC Fidélité,Micro-Finance,Inconnu,6.433648159921646,1.2067135976796382
Maritime,Zio,Zio 2,Kovié,Mutuelle Dignité Humaine,Micro-Finance,Inconnu,6.342693333333333,1.1128200000000006
Maritime,Zio,Zio 4,Gapé-Centre,Mutuelle Akwaba Avérétoe,Micro-Finance,Actif,6.602804686949104,1.1032795873266528
Maritime,Zio,Zio 4,Gapé-Centre,FUSECAB,Micro-Finance,Actif,6.603393715797492,1.1014363586413467
Maritime,Zio,Zio 4,Gapé-Centre,COOPEC Gape Centre,Micro-Finance,Actif,6.601971608906869,1.103734774248852
Maritime,Zio,Zio 2,Mission-Tové,Centre d'assistance Juridique et Economique Aux Femmes,Micro-Finance,Inactif,6.289135000000001,1.1252866666666663
Maritime,Zio,Zio 3,Agbélouvé,CECAv Prosperite,Micro-Finance,Actif,6.671258740998086,1.168202004415628
Maritime,Zio,Zio 3,Agbélouvé,FUCEC Togo Agbelouvé,Micro-Finance,Actif,6.672010000000002,1.167646666666666
Maritime,Zio,Zio 3,Agbélouvé,SPEC OIC Togo Agbelouvé,Micro-Finance,Inactif,6.668793483594661,1.1686609035257691
Maritime,Zio,Zio 1,Djagblé,COOPEC Tsevie Guichet Djagblé,Micro-Finance,Actif,6.254856509431228,1.2840838371050298
Maritime,Zio,Zio 3,Agbélouvé,Caisse Communautaire,Micro-Finance,Inactif,6.620074109015926,1.186213637380816
Maritime,Yoto,Yoto 3,Tokpli,ECOBANK Assou kondji,Banque,Actif,6.625783318018493,1.567317586737663
Maritime,Vo,Vo 2,Togoville,Mutuelle ASJD Bdougbé,Micro-Finance,Actif,6.237518185838413,1.5133058272413331
Maritime,Bas-Mono,Bas-Mono 2,Attitogon,FUCEC Togo AttiTogon,Micro-Finance,Actif,6.41677940264338,1.6631175459013166
Maritime,Vo,Vo 1,Vogan,COOPEC-AD Novissikome,Micro-Finance,Actif,6.3407766666666685,1.5238499999999997
Maritime,Vo,Vo 1,Vogan,ORABANK Novissikomé,Banque,Actif,6.337270000000001,1.5266850000000007
Maritime,Vo,Vo 1,Vogan,SPT Commandant condji,Banque,Actif,6.335061666666666,1.5295100000000006
Maritime,Vo,Vo 1,Vogan,COOPEC CECEAO,Micro-Finance,Actif,6.339256666666667,1.524266666666666
Maritime,Vo,Vo 3,Dzrékpo,FESEC-Togo,Micro-Finance,Actif,6.474165324792857,1.5687463779901694
Maritime,Lacs,Lacs 2,Aklakou,SPT Aklakou,Banque,Actif,6.335185,1.7097733333333331
Maritime,Vo,Vo 1,Vogan,Mutuelle Kekeli,Micro-Finance,Actif,6.333538333333334,1.5299449999999997
Maritime,Vo,Vo 1,Vogan,SUNU Bank Vogan,Banque,Actif,6.335515,1.529035
Savanes,Cinkassé,Cinkassé 1,Cinkassé,COOPEC AD Boadé,Micro-Finance,Actif,11.0997754,0.0177411999999997
Maritime,Vo,Vo 1,Vogan,UTB Novissikomé,Banque,Actif,6.340533333333335,1.5235249999999998
Maritime,Vo,Vo 1,Vogan,FECECAV-MECA,Micro-Finance,Actif,6.340490000000002,1.5239383333333332
Maritime,Vo,Vo 4,Hahotoé,Coopérative d'épargne et de Credit du Personnel de la SNPT,Micro-Finance,Actif,6.367006402264263,1.4093801384877906
Maritime,Vo,Vo 4,Hahotoé,FUCEC Togo - COOPEC CECEAO,Micro-Finance,Actif,6.363103333333335,1.4145866666666669
Maritime,Vo,Vo 4,Hahotoé,UMECTO Kekeli,Micro-Finance,Actif,6.365516666666667,1.4164533333333336
Maritime,Lacs,Lacs 2,Aklakou,Mutuelle Kekeli,Micro-Finance,Actif,6.3337650000000005,1.7083999999999997
Maritime,Lacs,Lacs 4,Anfoin,MECA Anfoin,Micro-Finance,Actif,6.328863333333335,1.6067983333333336
Maritime,Lacs,Lacs 4,Anfoin,SPT Anfoin,Banque,Actif,6.3287033500000005,1.6068806200000003
Maritime,Lacs,Lacs 4,Anfoin,COOPEC-nyameneko,Micro-Finance,Actif,6.330149250000001,1.6075739
Maritime,Lacs,Lacs 1,Canton D’Aneho,FUCEC Togo Aného,Micro-Finance,Actif,6.23774328,1.6104011999999996
Maritime,Lacs,Lacs 1,Aného,SPT Aneho,Banque,Actif,6.228128333333332,1.5973883333333334
Maritime,Lacs,Lacs 3,Gbodjomé,COCPAV Dague,Micro-Finance,Actif,6.200319999999999,1.4056099999999994
Maritime,Lacs,Lacs 3,Gbodjomé,COOPEC Kekeli,Micro-Finance,Actif,6.183366666666667,1.3925383333333334
Maritime,Lacs,Lacs 3,Gbodjomé,COOPEC Nyameneko /fusec,Micro-Finance,Actif,6.1922349999999975,1.3968250000000002
Maritime,Lacs,Lacs 1,Canton D’Aneho,UTB Aneho,Banque,Inactif,6.232721700000001,1.6032254
Plateaux,Moyen-Mono,Moyen-Mono 2,Kpékplémé,OIC Kpékplémé,Banque,Inactif,7.331785471833214,1.6257073199292362
Maritime,Lacs,Lacs 3,Agbodrafo,WAGES Agbodrafo,Micro-Finance,Actif,6.209718333333332,1.4816766666666663
Savanes,Tandjoaré,Tandjoaré 1,Bombouaka,COOPEC Nataan de Bombouaka,Micro-Finance,Inactif,10.694073333333336,0.2087583333333333
Maritime,Lacs,Lacs 3,Agbodrafo,FUCEC Togo Kpémé,Micro-Finance,Actif,6.213899999999999,1.5045950000000003
Maritime,Lacs,Lacs 3,Agbodrafo,SPT Agbodrafo,Banque,Inactif,6.207895000000001,1.4778316666666669
Maritime,Lacs,Lacs 1,Canton D’Aneho,MECA Amadoté,Micro-Finance,Actif,6.238581700000001,1.6145029999999998
Plateaux,Ogou,Ogou 1,Djama,COOPEC AD Agbonou,Micro-Finance,Actif,7.51371383601868,1.1511452577382335
Maritime,Lacs,Lacs 1,Canton D’Aneho,ECOBANK Carrefour,Banque,Actif,6.23636382,1.6122614500000003
Maritime,Lacs,Lacs 1,Canton D’Aneho,SUNU Bank Gériko,Banque,Actif,6.238434350000001,1.6161891199999998
Maritime,Lacs,Lacs 1,Canton D’Aneho,ORABANK Gériko,Banque,Actif,6.2401496000000005,1.6234909400000002
Maritime,Lacs,Lacs 1,Canton D’Aneho,BTCI Gériko ,Banque,Actif,6.240375340000001,1.62364358
Maritime,Lacs,Lacs 1,Canton D’Aneho,WAGES le Sang kongni,Micro-Finance,Actif,6.23947996,1.62037899
Maritime,Lacs,Lacs 1,Canton D’Aneho,NSIA Assurance banque Aneho,Banque,Inactif,6.239946480000001,1.6214912799999994
Maritime,Zio,Zio 1,Tsévié,ORABANK Tsevie,Banque,Actif,6.434019472703054,1.2119657313386425
Maritime,Zio,Zio 3,Agbélouvé,SPT Agbélouvé,Banque,Actif,6.671749272143332,1.1678437843952096
Maritime,Zio,Zio 1,Tsévié,Division des Operations Douanieres de la Region Maritime,Micro-Finance,Actif,6.432164956325957,1.2162122592083409
Plateaux,Amou,Amou 3,Témédja,COMEC Temedja,Micro-Finance,Actif,7.518834999999998,1.0589466666666665
Plateaux,Ogou,Ogou 1,Gnagna,BOA Gnagna,Banque,Actif,7.519048333333334,1.1412266666666666
Plateaux,Ogou,Ogou 1,Djama,Microfinance Millenium Kpotame,Micro-Finance,Actif,7.5091423077618575,1.1528839027965647
Plateaux,Ogou,Ogou 1,Djama,CECAV Agbonou,Micro-Finance,Actif,7.51646,1.1502349999999997
Plateaux,Ogou,Ogou 2,Akparé,COOPEC Ilema de Akpare,Micro-Finance,Inactif,7.474770000000003,1.3146666666666662
Plateaux,Est-Mono,Est-Mono 3,Nyamassila,COOPEC Nyamassila,Micro-Finance,Actif,7.987585000000001,1.1919649999999995
Plateaux,Est-Mono,Est-Mono 1,Elavagnon,COOPEC Elavagnon,Micro-Finance,Actif,7.955827731916766,1.284715578012051
Plateaux,Wawa,Wawa 1,Badou,COOPEC-AD Badou,Micro-Finance,Actif,7.585430614652392,0.60879681011179
Plateaux,Wawa,Wawa 1,Badou,MGPCC dekawowo,Micro-Finance,Actif,7.592735147178389,0.6095963454536255
Plateaux,Wawa,Wawa 1,Badou,FUCEC Togo  COOPEC Novissi,Micro-Finance,Actif,7.58479,0.6127683333333331
Plateaux,Wawa,Wawa 1,Badou,ORABANK Badou,Banque,Actif,7.584979121428079,0.6065152459901539
Plateaux,Est-Mono,Est-Mono 2,Morétan,COOPEC Katchere,Micro-Finance,Actif,8.10741032426643,1.3504790894493797
Plateaux,Ogou,Ogou 2,Datcha,Assciation Oressan,Micro-Finance,Actif,7.432608333333333,1.1600283333333326
Savanes,Cinkassé,Cinkassé 1,Cinkassé,BSIC Cinkanssé,Banque,Actif,11.107137359999998,0.0138517300000002
Plateaux,Moyen-Mono,Moyen-Mono 1,Tado,FUCEC Togo Tado,Micro-Finance,Actif,7.146017035908916,1.591692099308749
Plateaux,Ogou,Ogou 4,Ountivou,SPEC OIC Togo Atchankoe,Micro-Finance,Actif,7.431298049728864,1.4855015903412987
Plateaux,Ogou,Ogou 4,Ountivou,Association Villageoise pour l'Epargne et le Credit,Micro-Finance,Actif,7.430692121366527,1.48510329751457
Plateaux,Ogou,Ogou 3,Gléi,SPEC OIC-Togo Akpaka,Micro-Finance,Actif,7.314553333333335,1.1636866666666668
Plateaux,Haho,Haho 1,Atchavé,FECECAV Kpele,Micro-Finance,Actif,6.857761666666667,1.184121666666667
Plateaux,Ogou,Ogou 3,Gléi,COOPEC Ilema de Kpota,Micro-Finance,Actif,7.318416666666667,1.1665883333333338
Plateaux,Ogou,Ogou 3,Gléi,COOPEC Novissi de l'Affaire sociale,Micro-Finance,Actif,7.315628428476689,1.1651629249555326
Plateaux,Danyi,Danyi 1,Danyi-Atigba,FECECAV Danyi Microfinance,Micro-Finance,Actif,7.202054418560122,0.6930825535488041
Plateaux,Danyi,Danyi 1,Danyi-Atigba,FUCEC Togo Apéyémé,Micro-Finance,Actif,7.198371666666668,0.6910599999999993
Savanes,Cinkassé,Cinkassé 1,Cinkassé,UTB Boadé,Banque,Actif,11.102661830000002,0.0160195099999995
Plateaux,Moyen-Mono,Moyen-Mono 1,Tohoun,SPEC OIC Togo Kpohizouhoe,Micro-Finance,Actif,7.023818098839283,1.6151360922523716
Plateaux,Moyen-Mono,Moyen-Mono 2,Kpékplémé,COOPEC ADMEGNONTCHIHOE,Micro-Finance,Actif,7.325931666666667,1.6276766666666662
Plateaux,Moyen-Mono,Moyen-Mono 2,Kpékplémé,FUCEC Togo Kpékplémé,Micro-Finance,Actif,7.328479642242918,1.6239544159835997
Savanes,Cinkassé,Cinkassé 1,Cinkassé,SPT Boadé,Banque,Actif,11.110863139999998,0.01244535
Plateaux,Moyen-Mono,Moyen-Mono 1,Tado,SPEC OIC Togo Tado,Micro-Finance,Actif,7.143353333333333,1.5930266666666668
Plateaux,Agou,Agou 1,Agou-Tavié,FUCEC Togo  COOPEC CFAE,Micro-Finance,Actif,6.851056666666667,0.7153516666666666
Plateaux,Agou,Agou 1,Agou-Tavié,CECAV Espoir,Micro-Finance,Actif,6.847573333333334,0.7185433333333333
Plateaux,Agou,Agou 1,Agou-Tavié,SPT Agou-gare,Banque,Actif,6.844028333333335,0.7163833333333331
Plateaux,Akébou,Akébou 1,Kougnohou,FECECAV Kougnohou,Micro-Finance,Inactif,7.652154999999998,0.7891916666666668
Plateaux,Akébou,Akébou 1,Kougnohou,FUCEC Togo Kougnohou,Micro-Finance,Actif,7.654740048975441,0.7912245636067079
Plateaux,Ogou,Ogou 2,Akparé,SPEC OIC Akpare,Micro-Finance,Actif,7.47279,1.3224900000000004
Plateaux,Kloto,Kloto 3,Kouma,CECAV Avenir de Kouma-adame,Micro-Finance,Actif,6.975693333333335,0.5963683333333334
Plateaux,Kloto,Kloto 2,Lavié-Apédomé,CECAV Lavie,Micro-Finance,Actif,7.010566666666667,0.6764433333333328
Plateaux,Haho,Haho 4,Wahala,Mutuelle Rhema,Micro-Finance,Actif,7.175158333333335,1.1610716666666672
Plateaux,Kloto,Kloto 3,Agomé-Tomégbé,CECAV Avenir Tomégbé,Micro-Finance,Actif,6.954286666666668,0.558978333333333
Plateaux,Kloto,Kloto 1,Agome-Kpalime,IB Bank Togo,Banque,Actif,6.921373333333335,0.6344800000000004
Plateaux,Kloto,Kloto 1,Agome-Kpalime,Sebaders Kpalime,Micro-Finance,Inactif,6.92102,0.6208533333333339
Savanes,Cinkassé,Cinkassé 1,Cinkassé,NSIA Banque Cinkanssé,Banque,Inactif,11.10069059,0.0175574899999998
Plateaux,Haho,Haho 4,Wahala,COOPEC Car-naolou,Micro-Finance,Actif,7.173106666666668,1.1644350000000003
Plateaux,Haho,Haho 4,Wahala,OIC-Togo,Micro-Finance,Actif,7.172638333333333,1.1656600000000004
Plateaux,Haho,Haho 4,Wahala,FECECAV Zongo,Micro-Finance,Actif,7.174356666666667,1.1654300000000004
Plateaux,Kloto,Kloto 1,Agome-Kpalime,SOGEMEF Lomnava,Micro-Finance,Actif,6.921533333333335,0.6344066666666662
Plateaux,Kloto,Kloto 1,Agome-Kpalime,MGPCC dekawowo,Micro-Finance,Inactif,6.918308333333333,0.6241883333333336
Plateaux,Kloto,Kloto 1,Agome-Kpalime,ECOBANK Fiakomé,Banque,Actif,6.907052322401787,0.6322545901014416
Plateaux,Kloto,Kloto 1,Agome-Kpalime,COMEC Kpalime,Micro-Finance,Actif,6.913097420603269,0.6295500191936059
Plateaux,Kloto,Kloto 1,Agome-Kpalime,SUNU Bank Kpalime,Banque,Actif,6.912565000000001,0.6324900000000002
Plateaux,Kloto,Kloto 1,Agome-Kpalime,UTB Kpalime,Banque,Actif,6.906821666666667,0.6329866666666665
Savanes,Cinkassé,Cinkassé 1,Cinkassé,ORABANK Cinkanssé,Banque,Actif,11.097366160000002,0.0215181399999997
Plateaux,Kloto,Kloto 1,Agome-Kpalime,CECAV Avenir Kpalimé,Micro-Finance,Actif,6.915843333333334,0.6260783333333335
Plateaux,Anié,Anié 2,Adogbénou,Pratfig,Micro-Finance,Actif,7.738083333333332,1.4379999999999995
Savanes,Tône,Tône 1,Dapaong,SUNU Bank Dapaong,Banque,Actif,10.88375711390402,0.1998617881237031
Plateaux,Anié,Anié 1,Anié,COOPEC AD Anié,Micro-Finance,Actif,7.757592745358773,1.193610737123323
Plateaux,Anié,Anié 1,Anié,WAGES Anié,Micro-Finance,Actif,7.757567341404601,1.1932325754841624
Savanes,Cinkassé,Cinkassé 1,Cinkassé,COOPEC-SIFA de Languitaba,Micro-Finance,Actif,11.101958180000002,0.0105469799999997
Plateaux,Anié,Anié 1,Anié,FUCEC Togo Anié,Micro-Finance,Actif,7.763439869875062,1.193332103953501
Savanes,Cinkassé,Cinkassé 1,Cinkassé,BTCI Boadé,Banque,Actif,11.110611610000005,0.0124709
Plateaux,Anié,Anié 1,Anié,Assilassime Solidarité,Micro-Finance,Actif,7.763583676022076,1.1965858501604414
Plateaux,Kloto,Kloto 1,Agome-Kpalime,COOPEC AD Kpalimé,Micro-Finance,Actif,6.907803333333335,0.63223
Plateaux,Kloto,Kloto 1,Agome-Kpalime,ORABANK Kpalimé,Banque,Actif,6.901071666666667,0.630046666666667
Plateaux,Amou,Amou 2,Amou-Oblo,COOPEC AD Amou Oblo,Micro-Finance,Actif,7.391483333333334,0.8691766666666654
Plateaux,Amou,Amou 2,Amou-Oblo,CECAV Fidélité Amou Oblo,Micro-Finance,Actif,7.388195550740733,0.8673325963797106
Plateaux,Amou,Amou 2,Amou-Oblo,MGPCCdekahoho,Micro-Finance,Actif,7.387497833011123,0.8674562996778736
Plateaux,Amou,Amou 2,Amou-Oblo,COOPEC Enyo Amou Oblo,Micro-Finance,Actif,7.388261736790542,0.8678445988708431
Plateaux,Kpélé,Kpélé 1,Kpélé-Novivé,UTB Tetsefi,Banque,Actif,7.132041666666668,0.7313316666666667
Plateaux,Kpélé,Kpélé 1,Kpélé-Novivé,FECECAV Wetsi,Micro-Finance,Actif,7.128491666666668,0.7288883333333331
Savanes,Cinkassé,Cinkassé 2,Sam-Naba,Guichet de Sam-naba,Micro-Finance,Actif,11.06710248,0.1642396099999996
Plateaux,Kpélé,Kpélé 1,Kpélé-Novivé,COOPEC Enyo Tsèfi,Micro-Finance,Actif,7.133195000000001,0.7316583333333334
Plateaux,Kpélé,Kpélé 2,Kpélé-Centre,FECECAV Hassoupe,Micro-Finance,Actif,7.17226,0.7475083333333336
Plateaux,Kpélé,Kpélé 2,Kpélé-Nord,COOPEC Enyo,Micro-Finance,Actif,7.282006666666665,0.8031066666666669
Plateaux,Kpélé,Kpélé 1,Kpélé-Novivé,Cooperative Mesona,Micro-Finance,Actif,7.137988333333334,0.7301266666666666
Plateaux,Kpélé,Kpélé 2,Kpélé-Nord,FECECAV-fidelité,Micro-Finance,Actif,7.276728333333335,0.8006499999999998
Plateaux,Haho,Haho 1,Notsé,FECECAV Agence Notsé,Micro-Finance,Actif,6.949459361971194,1.1651450400374397
Plateaux,Haho,Haho 1,Notsé,URCLEC Agence Notsé,Micro-Finance,Actif,6.951091451040464,1.1688116325320417
Plateaux,Haho,Haho 1,Notsé,SPEC OIC-Togo Tegbe,Micro-Finance,Actif,6.9541608,1.1701359999999998
Plateaux,Haho,Haho 1,Notsé,COOPEC AD Notsé,Micro-Finance,Actif,6.953368333333333,1.1718650000000002
Plateaux,Haho,Haho 1,Notsé,FUCEC Togo Adimé,Micro-Finance,Actif,6.948462559553073,1.171155421737449
Plateaux,Haho,Haho 1,Notsé,WAGES Notse,Micro-Finance,Actif,6.948368333333334,1.168901666666667
Plateaux,Haho,Haho 1,Notsé,COECEPT Notsé,Micro-Finance,Actif,6.947393333333336,1.1749033333333327
Plateaux,Haho,Haho 1,Notsé,FINAM Notsé,Micro-Finance,Actif,6.946986161674564,1.1749511807831785
Plateaux,Haho,Haho 1,Notsé,CERCIF Notsé,Micro-Finance,Actif,6.9468440000000005,1.1749316999999997
Plateaux,Kpélé,Kpélé 1,Kpélé-Novivé,CECAV Fidelite Bodzé,Micro-Finance,Actif,7.089731666666668,0.9104516666666672
Plateaux,Haho,Haho 1,Notsé,Rhema Notsé,Micro-Finance,Actif,6.948540992536163,1.1699939278389604
Plateaux,Haho,Haho 1,Notsé,UTB Notse,Banque,Actif,6.943955000000002,1.1734483333333336
Plateaux,Haho,Haho 1,Notsé,ORABANK Notse,Banque,Actif,6.948660100000001,1.1676276
Plateaux,Haho,Haho 1,Notsé,SUNU Bank Notse,Banque,Actif,6.949168333333335,1.1687949999999998
Plateaux,Haho,Haho 1,Hahomégbé,SPEC OIC Togo Hahomegbé,Micro-Finance,Actif,6.932486666666667,1.0268816666666667
Plateaux,Anié,Anié 1,Anié,SUNU Bank Anié,Banque,Actif,7.8081806999999985,1.1915248999999997
Savanes,Tône,Tône 1,Dapaong,Banque Atlantique Kpegui,Banque,Actif,10.865528234473324,0.2030324431546941
Plateaux,Anié,Anié 1,Anié,Banque Atlantique Anié,Banque,Actif,7.764864999999999,1.1926816666666664
Plateaux,Anié,Anié 1,Anié,ORABANK Anié,Banque,Actif,7.758835267901578,1.1930026989018407
Plateaux,Agou,Agou 1,Gadja,COOPEC CFAE,Micro-Finance,Actif,6.795211666666668,0.7965183333333329
Plateaux,Ogou,Ogou 1,Djama,SPT Atakpame,Banque,Actif,7.532605000000001,1.12474
Plateaux,Agou,Agou 1,Gadja,CECAV Espoir Avetonou,Micro-Finance,Actif,6.796030968158773,0.7953296771609297
Plateaux,Anié,Anié 1,Anié,UTB Anié,Banque,Actif,7.761812427428099,1.1934103312774544
Plateaux,Haho,Haho 2,Asrama,COOPEC AD Asrama,Micro-Finance,Actif,7.003341666666668,1.4059283333333334
Plateaux,Haho,Haho 2,Asrama,SPEC OIC Asrama,Micro-Finance,Actif,7.003005570374716,1.4036507776243607
Plateaux,Agou,Agou 1,Kati,CECAV Espoir de Kati,Micro-Finance,Actif,6.890522222958023,0.8490130357511639
Plateaux,Ogou,Ogou 1,Gnagna,Service Assurance COOPEC Novissi,Assurance,Actif,7.524260224227986,1.1287753059012569
Plateaux,Ogou,Ogou 1,Gnagna,COOPEC Novissi de Lomnava,Micro-Finance,Actif,7.524368600000002,1.1287549
Plateaux,Ogou,Ogou 1,Djama,SPT Agbonou,Banque,Actif,7.524389999999999,1.1484566666666665
Plateaux,Haho,Haho 1,Notsé,GTA Assurance Notse,Assurance,Actif,6.947048089431642,1.1749534433657798
Plateaux,Anié,Anié 1,Anié,COOPEC Ilema d'Assigamé,Micro-Finance,Actif,7.76074,1.1935250000000002
Plateaux,Ogou,Ogou 1,Gnagna,Caisse Nationale de Securite Sociale,Assurance,Inactif,7.51965637808875,1.1415722913769988
Plateaux,Ogou,Ogou 1,Djama,Fidelia Assurance Agbonou,Assurance,Inactif,7.518359694599524,1.1468943102929443
Plateaux,Ogou,Ogou 1,Djama,Institut Nationale d'Assurance Maladie,Assurance,Inactif,7.513229999999998,1.151416666666666
Plateaux,Ogou,Ogou 1,Djama,Sanlam Agbonou,Assurance,Inactif,7.5257780389371325,1.149323067362252
Plateaux,Ogou,Ogou 1,Djama,BIA Togo Togo,Banque,Actif,7.533131666666667,1.1218516666666662
Plateaux,Ogou,Ogou 1,Gnagna,ECOBANK Houdou,Banque,Actif,7.531569190933304,1.122783413789204
Plateaux,Ogou,Ogou 1,Gnagna,Banque Atlantique Houdou,Banque,Actif,7.531833642145605,1.122133072085735
Plateaux,Ogou,Ogou 1,Gnagna,Microfinance dekawowo,Micro-Finance,Actif,7.5302016666666685,1.123928333333334
Plateaux,Ogou,Ogou 1,Gnagna,NSIA Assurance Gnagna,Assurance,Actif,7.519018333333334,1.141013333333334
Plateaux,Ogou,Ogou 1,Gnagna,SUNU Bank Gnagna,Banque,Actif,7.5224278731571905,1.1384451429458882
Plateaux,Amou,Amou 1,Amlamé (Ouma),Trésorerie d'Amlame,Micro-Finance,Actif,7.469144656473354,0.906100129116192
Plateaux,Danyi,Danyi 2,Danyi-Elavagnon,FECECAV Duamenyo Elavanyo,Micro-Finance,Actif,7.2816116666666675,0.7055416666666667
Savanes,Kpendjal-Ouest,Kpendjal-Ouest 2,Papri,UMECTO Papri,Micro-Finance,Actif,10.992986666666669,0.423813333333333
Savanes,Kpendjal-Ouest,Kpendjal-Ouest 2,Namoundjoga,FUCEC Togo Namondjoga,Micro-Finance,Inactif,10.893786666666667,0.3939783333333329
Savanes,Tandjoaré,Tandjoaré 2,Nano,COOPEC SIFA de Nano,Micro-Finance,Actif,10.705816546858273,0.1084326897437387
Savanes,Tandjoaré,Tandjoaré 2,Doukpergou,CMECS Sikbaog,Micro-Finance,Actif,10.638938333333334,0.0835583333333327
Savanes,Oti-Sud,Oti-Sud 1,Gando,SPT Kando,Banque,Actif,10.326937118346466,0.7425432377008774
Savanes,Tandjoaré,Tandjoaré 2,Nano,COOPEC Nataan Agence de Nano,Micro-Finance,Actif,10.701393226030408,0.1132467112871075
Savanes,Tandjoaré,Tandjoaré 2,Nano,Amis Financer des Pauvres,Micro-Finance,Actif,10.702305254359022,0.1106811769479809
Savanes,Oti,Oti 1,Mango,COOPEC Lumiere Mango,Micro-Finance,Actif,10.351599742699465,0.4689195499524681
Savanes,Cinkassé,Cinkassé 1,Cinkassé,CEMEC Cinkanssé,Micro-Finance,Actif,11.096675949999998,0.02932876
Savanes,Tône,Tône 3,Lotogou,La Caisse Mutuelle d'epargne et de Credit de LoTogou,Micro-Finance,Actif,10.798298552289149,0.025030935448983
Savanes,Cinkassé,Cinkassé 1,Cinkassé,V.I.Z.A- Togo,Micro-Finance,Actif,11.0961158,0.025253169999999
Savanes,Cinkassé,Cinkassé 1,Cinkassé,COOPEC Lando,Micro-Finance,Actif,11.09717948,0.0211470599999989
Savanes,Kpendjal-Ouest,Kpendjal-Ouest 1,Naki-Est,COOPEC SIFA de Naki Est Centre,Micro-Finance,Actif,10.729888333333337,0.3846333333333324
Savanes,Oti,Oti 1,Mango,ORABANK Mango,Banque,Actif,10.35716333333333,0.4754733333333329
Savanes,Oti,Oti 2,Barkoissi,FUCEC Togo Barkoissi,Micro-Finance,Inconnu,10.558060000000005,0.3019366666666656
Savanes,Oti,Oti 1,Mango,COOPEC SIFA Mango,Micro-Finance,Actif,10.348063333333334,0.4693016666666665
Savanes,Oti,Oti 1,Mango,UTB Mango,Banque,Actif,10.352395,0.4693666666666666
Savanes,Oti,Oti 2,Barkoissi,COOPEC SIFA Barkoissi ,Micro-Finance,Actif,10.557075000000005,0.3054883333333328
Savanes,Oti,Oti 2,Barkoissi,U-CMECS Lantodim,Micro-Finance,Actif,10.55560333333333,0.3032583333333335
Savanes,Kpendjal-Ouest,Kpendjal-Ouest 2,Papri,U-CMECS (union des Caisses Mutuelles D'epargne et de Crédit des Savanes),Micro-Finance,Actif,10.953968223424951,0.4357950202027965
Savanes,Cinkassé,Cinkassé 1,Cinkassé,Banque Atlantique Quartier Samango,Banque,Actif,11.102568520000004,0.016539589999999
Savanes,Cinkassé,Cinkassé 1,Cinkassé,ECOBANK Cinkanssé,Banque,Inactif,11.10216061,0.0162530099999996
Savanes,Cinkassé,Cinkassé 1,Cinkassé,CORIS Bank Cinkanssé ,Banque,Actif,11.097053140000002,0.0227043699999995
Savanes,Cinkassé,Cinkassé 1,Cinkassé,BOA Cinkanssé,Banque,Actif,11.096349140000004,0.025987670000001
Savanes,Cinkassé,Cinkassé 2,Timbou,V.I.Z.A- Togo Natinga,Micro-Finance,Actif,11.03596488,0.1164212700000001
Savanes,Tandjoaré,Tandjoaré 1,Bombouaka,SPT Bombouaka,Banque,Actif,10.699540591129123,0.2076119019961916
Savanes,Tandjoaré,Tandjoaré 1,Bombouaka,UMECTO Bombouaka,Micro-Finance,Inactif,10.700130500325534,0.2081018484449186
Savanes,Tandjoaré,Tandjoaré 1,Tamongue,U-CMECS Tamou,Micro-Finance,Inactif,10.596316666666668,0.1747299999999998
Savanes,Tône,Tône 1,Dapaong,ORABANK Nassablé,Banque,Actif,10.877000000000002,0.2003816666666658
Savanes,Tône,Tône 1,Dapaong,Microfinance U-CMECS,Micro-Finance,Actif,10.875438333333332,0.1967783333333335
Savanes,Tône,Tône 1,Dapaong,Incha Allah Finance,Micro-Finance,Actif,10.870201666666668,0.1986583333333329
Savanes,Tône,Tône 1,Dapaong,Microfinance AFP,Micro-Finance,Actif,10.869738333333332,0.2015649999999997
Savanes,Tône,Tône 1,Dapaong,Direction COOPEC- SIFA,Micro-Finance,Actif,10.865344999999998,0.1999166666666664
Savanes,Tône,Tône 1,Dapaong,UMECTO Napiengue,Micro-Finance,Actif,10.86282,0.2034566666666671
Savanes,Oti-Sud,Oti-Sud 1,Sagbiebou,U-CMECS Sagbiebou,Micro-Finance,Actif,10.245945,0.6451099999999996
Savanes,Oti-Sud,Oti-Sud 1,Gando,FUCEC Togo -Togo (COOPEC Lumière Agence Kando ),Micro-Finance,Actif,10.33152337118989,0.7450254614202725
Savanes,Oti-Sud,Oti-Sud 1,Gando,COOPEC SIFA Gando Centre,Micro-Finance,Actif,10.333923333333336,0.7483766666666668
Savanes,Tône,Tône 1,Dapaong,FUCEC Togo  COOPEC Lando,Micro-Finance,Actif,10.882031666666668,0.1935616666666662
Savanes,Tône,Tône 1,Dapaong,COOPEC AD Dapaong,Micro-Finance,Actif,10.86756689560784,0.2062104997988418
Savanes,Tône,Tône 1,Dapaong,CECAV Dapaong,Micro-Finance,Actif,10.862111666666667,0.2045483333333328
Savanes,Oti,Oti 2,Barkoissi,SPT Barkoissi,Banque,Actif,10.555431316135545,0.3045488080692265
Savanes,Oti,Oti 1,Mango,SPT Mango,Banque,Actif,10.357189506891158,0.4719815245260524
Savanes,Oti,Oti 1,Mango,Transfert d'argent Al-izza,Micro-Finance,Actif,10.354195912335152,0.4704172075691301
Savanes,Oti-Sud,Oti-Sud 2,Takpamba,COOPEC SIFA Takpamba,Micro-Finance,Actif,9.970867266857974,0.5788476736208518
Savanes,Tône,Tône 1,Dapaong,ECOBANK Dapaong,Banque,Actif,10.869443333333331,0.2021333333333333
Savanes,Tône,Tône 1,Dapaong,BSIC Dapaong,Banque,Actif,10.87647751898997,0.2005323882126942
Savanes,Tône,Tône 1,Dapaong,UTB Dapaong,Banque,Actif,10.860778333333334,0.2054283333333333
Savanes,Tône,Tône 1,Dapaong,BTCI Worgou,Banque,Actif,10.850130196071142,0.2024338372086217
Maritime,Golfe,Golfe 1,Bè-Est,Direction générale Ecobank Togo,Banque,Actif,6.13597966622959,1.2585633234167288
Plateaux,Kloto,Kloto 1,Agome-Kpalime,FUCEC Kpalime,Micro-Finance,Inconnu,6.914479978758992,0.63340629671594
